Period,nsa,sf,sa,sa_4week
1/7/1967,346000,167,208000,0
1/14/1967,334000,162,207000,0
1/21/1967,277000,128,217000,0
1/28/1967,252000,124,204000,209000
2/4/1967,274000,127,216000,211000
2/11/1967,276000,120,229000,216500
2/18/1967,247000,108,229000,219500
2/25/1967,248000,103,242000,229000
3/4/1967,326000,105,310000,252500
3/11/1967,240000,100,241000,255500
3/18/1967,225000,92,245000,259500
3/25/1967,215000,87,247000,260750
4/1/1967,223000,86,259000,248000
4/8/1967,251000,98,257000,252000
4/15/1967,289000,97,299000,265500
4/22/1967,218000,89,245000,265000
4/29/1967,216000,85,255000,264000
5/6/1967,221000,87,254000,263250
5/13/1967,188000,82,231000,246250
5/20/1967,177000,77,230000,242500
5/27/1967,170000,75,228000,235750
6/3/1967,175000,71,248000,234250
6/10/1967,188000,79,238000,236000
6/17/1967,176000,79,224000,234500
6/24/1967,178000,82,218000,232000
7/1/1967,206000,99,209000,222250
7/8/1967,322000,135,240000,222750
7/15/1967,309000,128,241000,227000
7/22/1967,282000,118,240000,232500
7/29/1967,243000,116,209000,232500
8/5/1967,250000,114,221000,227750
8/12/1967,193000,96,202000,218000
8/19/1967,174000,81,215000,211750
8/26/1967,160000,76,213000,212750
9/2/1967,163000,75,218000,212000
9/9/1967,156000,68,231000,219250
9/16/1967,165000,75,220000,220500
9/23/1967,155000,74,209000,219500
9/30/1967,154000,76,204000,216000
10/7/1967,195000,84,231000,216000
10/14/1967,159000,77,206000,212500
10/21/1967,181000,81,223000,216000
10/28/1967,174000,84,207000,216750
11/4/1967,204000,92,222000,214500
11/11/1967,201000,94,214000,216500
11/18/1967,209000,105,198000,210250
11/25/1967,200000,105,191000,206250
12/2/1967,228000,117,196000,199750
12/9/1967,258000,117,221000,201500
12/16/1967,241000,119,204000,203000
12/23/1967,289000,132,219000,210000
12/30/1967,332000,154,216000,215000
1/6/1968,357000,161,222000,215250
1/13/1968,373000,168,222000,219750
1/20/1968,293000,133,221000,220250
1/27/1968,242000,123,198000,215750
2/3/1968,308000,127,244000,221250
2/10/1968,257000,123,210000,218250
2/17/1968,214000,110,196000,212000
2/24/1968,199000,103,193000,210750
3/2/1968,198000,104,190000,197250
3/9/1968,208000,102,204000,195750
3/16/1968,179000,94,190000,194250
3/23/1968,175000,88,200000,196000
3/30/1968,165000,86,192000,196500
4/6/1968,184000,96,191000,193250
4/13/1968,167000,98,171000,188500
4/20/1968,165000,90,183000,184250
4/27/1968,216000,86,251000,199000
5/4/1968,180000,87,209000,203500
5/11/1968,164000,85,194000,209250
5/18/1968,156000,78,199000,213250
5/25/1968,148000,77,194000,199000
6/1/1968,139000,70,199000,196500
6/8/1968,149000,78,192000,196000
6/15/1968,154000,79,194000,194750
6/22/1968,152000,81,189000,193500
6/29/1968,173000,90,194000,192250
7/6/1968,266000,124,214000,197750
7/13/1968,242000,131,186000,195750
7/20/1968,216000,120,180000,193500
7/27/1968,238000,116,205000,196250
8/3/1968,235000,114,206000,194250
8/10/1968,222000,102,218000,202250
8/17/1968,160000,84,192000,205250
8/24/1968,148000,77,193000,202250
8/31/1968,139000,74,188000,197750
9/7/1968,135000,72,189000,190500
9/14/1968,141000,73,195000,191250
9/21/1968,142000,75,191000,190750
9/28/1968,143000,76,189000,191000
10/5/1968,153000,83,185000,190000
10/12/1968,151000,81,186000,187750
10/19/1968,151000,79,191000,187750
10/26/1968,152000,84,182000,186000
11/2/1968,161000,90,181000,185000
11/9/1968,174000,95,183000,184250
11/16/1968,196000,102,192000,184500
11/23/1968,211000,106,199000,188750
11/30/1968,180000,111,162000,184000
12/7/1968,223000,119,188000,185250
12/14/1968,233000,119,195000,186000
12/21/1968,243000,127,192000,184250
12/28/1968,333000,149,223000,199500
1/4/1969,290000,153,190000,200000
1/11/1969,337000,177,191000,199000
1/18/1969,265000,139,192000,199000
1/25/1969,236000,123,193000,191500
2/1/1969,250000,123,203000,194750
2/8/1969,248000,126,197000,196250
2/15/1969,219000,115,192000,196250
2/22/1969,199000,104,192000,196000
3/1/1969,206000,103,201000,195500
3/8/1969,195000,102,191000,194000
3/15/1969,179000,95,189000,193250
3/22/1969,158000,88,181000,190500
3/29/1969,157000,86,183000,186000
4/5/1969,170000,94,182000,183750
4/12/1969,187000,98,190000,184000
4/19/1969,168000,90,187000,185500
4/26/1969,151000,86,177000,184000
5/3/1969,150000,85,177000,182750
5/10/1969,157000,86,183000,181000
5/17/1969,141000,79,179000,179000
5/24/1969,138000,77,180000,179750
5/31/1969,135000,72,187000,182250
6/7/1969,148000,77,192000,184500
6/14/1969,145000,80,182000,185250
6/21/1969,155000,82,191000,188000
6/28/1969,177000,88,203000,192000
7/5/1969,267000,118,227000,200750
7/12/1969,271000,130,210000,207750
7/19/1969,246000,120,206000,211500
7/26/1969,221000,116,192000,208750
8/2/1969,223000,114,196000,201000
8/9/1969,210000,104,203000,199250
8/16/1969,168000,85,199000,197500
8/23/1969,154000,78,199000,199250
8/30/1969,144000,74,195000,199000
9/6/1969,133000,74,182000,193750
9/13/1969,149000,72,209000,196250
9/20/1969,147000,76,195000,195250
9/27/1969,147000,77,193000,194750
10/4/1969,159000,82,193000,197500
10/11/1969,168000,85,200000,195250
10/18/1969,155000,78,199000,196250
10/25/1969,171000,84,205000,199250
11/1/1969,174000,88,198000,200500
11/8/1969,206000,97,211000,203250
11/15/1969,196000,100,197000,202750
11/22/1969,230000,106,217000,205750
11/29/1969,219000,108,202000,206750
12/6/1969,247000,122,202000,204500
12/13/1969,264000,120,222000,210750
12/20/1969,289000,125,232000,214500
12/27/1969,320000,144,223000,219750
1/3/1970,344000,150,230000,226750
1/10/1970,429000,178,242000,231750
1/17/1970,386000,144,268000,240750
1/24/1970,316000,124,256000,249000
1/31/1970,293000,123,239000,251250
2/7/1970,324000,127,256000,254750
2/14/1970,308000,116,265000,254000
2/21/1970,285000,105,271000,257750
2/28/1970,241000,100,242000,258500
3/7/1970,270000,103,262000,260000
3/14/1970,258000,95,271000,261500
3/21/1970,233000,88,264000,259750
3/28/1970,236000,86,276000,268250
4/4/1970,250000,92,273000,271000
4/11/1970,300000,99,305000,279500
4/18/1970,339000,91,374000,307000
4/25/1970,299000,86,349000,325250
5/2/1970,278000,83,334000,340500
5/9/1970,279000,88,318000,343750
5/16/1970,242000,80,303000,326000
5/23/1970,231000,78,296000,312750
5/30/1970,224000,75,301000,304500
6/6/1970,234000,78,301000,300250
6/13/1970,242000,81,298000,299000
6/20/1970,245000,83,296000,299000
6/27/1970,247000,85,291000,296500
7/4/1970,309000,112,277000,290500
7/11/1970,369000,129,288000,288000
7/18/1970,353000,120,294000,287500
7/25/1970,329000,115,287000,286500
8/1/1970,293000,113,261000,282500
8/8/1970,278000,105,266000,277000
8/15/1970,257000,86,300000,278500
8/22/1970,238000,79,303000,282500
8/29/1970,220000,74,297000,291500
9/5/1970,240000,74,324000,306000
9/12/1970,207000,71,292000,304000
9/19/1970,247000,76,325000,309500
9/26/1970,256000,77,333000,318500
10/3/1970,284000,81,350000,325000
10/10/1970,287000,88,327000,333750
10/17/1970,259000,78,334000,336000
10/24/1970,280000,85,330000,335250
10/31/1970,283000,87,327000,329500
11/7/1970,333000,99,336000,331750
11/14/1970,307000,98,314000,326750
11/21/1970,333000,106,314000,322750
11/28/1970,354000,105,337000,325250
12/5/1970,378000,123,308000,318250
12/12/1970,370000,121,306000,316250
12/19/1970,354000,123,289000,310000
12/26/1970,451000,141,321000,306000
1/2/1971,443000,147,303000,304750
1/9/1971,500000,174,288000,300250
1/16/1971,452000,151,299000,302750
1/23/1971,399000,128,312000,300500
1/30/1971,353000,121,292000,297750
2/6/1971,375000,127,296000,299750
2/13/1971,333000,119,282000,295500
2/20/1971,286000,107,268000,284500
2/27/1971,289000,100,290000,284000
3/6/1971,306000,103,297000,284250
3/13/1971,275000,96,287000,285500
3/20/1971,260000,90,291000,291250
3/27/1971,261000,87,300000,293750
4/3/1971,267000,89,299000,294250
4/10/1971,278000,100,279000,292250
4/17/1971,257000,91,284000,290500
4/24/1971,248000,86,288000,287500
5/1/1971,237000,82,290000,285250
5/8/1971,260000,89,293000,288750
5/15/1971,230000,81,284000,288750
5/22/1971,231000,79,295000,290500
5/29/1971,231000,77,299000,292750
6/5/1971,232000,77,301000,294750
6/12/1971,244000,83,295000,297500
6/19/1971,249000,84,299000,298500
6/26/1971,247000,85,291000,296500
7/3/1971,288000,104,277000,290500
7/10/1971,335000,127,264000,282750
7/17/1971,367000,117,313000,286250
7/24/1971,342000,113,304000,289500
7/31/1971,340000,111,308000,297250
8/7/1971,362000,104,349000,318500
8/14/1971,282000,87,325000,321500
8/21/1971,252000,79,320000,325500
8/28/1971,228000,74,307000,325250
9/4/1971,268000,75,359000,327750
9/11/1971,219000,70,312000,324500
9/18/1971,230000,76,302000,320000
9/25/1971,236000,77,308000,320250
10/2/1971,238000,80,299000,305250
10/9/1971,280000,90,313000,305500
10/16/1971,233000,78,299000,304750
10/23/1971,251000,85,294000,301250
10/30/1971,241000,85,283000,297250
11/6/1971,297000,99,301000,294250
11/13/1971,289000,98,295000,293250
11/20/1971,291000,106,274000,288250
11/27/1971,284000,102,278000,287000
12/4/1971,372000,125,299000,286500
12/11/1971,348000,124,280000,282750
12/18/1971,329000,123,269000,281500
12/25/1971,340000,140,244000,273000
1/1/1972,405000,145,279000,268000
1/8/1972,479000,162,295000,271750
1/15/1972,395000,158,250000,267000
1/22/1972,347000,132,263000,271750
1/29/1972,326000,121,269000,269250
2/5/1972,342000,124,276000,264500
2/12/1972,318000,120,266000,268500
2/19/1972,279000,108,258000,267250
2/26/1972,252000,99,254000,263500
3/4/1972,263000,103,257000,258750
3/11/1972,257000,98,264000,258250
3/18/1972,241000,91,266000,260250
3/25/1972,231000,88,264000,262750
4/1/1972,224000,87,258000,263000
4/8/1972,271000,99,274000,265500
4/15/1972,237000,92,259000,263750
4/22/1972,223000,86,259000,262500
4/29/1972,214000,81,265000,264250
5/6/1972,234000,87,271000,263500
5/13/1972,218000,82,266000,265250
5/20/1972,210000,79,267000,267250
5/27/1972,209000,79,267000,267750
6/3/1972,198000,75,264000,266000
6/10/1972,224000,84,268000,266500
6/17/1972,227000,83,275000,268500
6/24/1972,240000,84,286000,273250
7/1/1972,327000,94,350000,294750
7/8/1972,364000,123,297000,302000
7/15/1972,367000,116,318000,312750
7/22/1972,299000,109,276000,310250
7/29/1972,266000,108,247000,284500
8/5/1972,256000,103,250000,272750
8/12/1972,220000,90,246000,254750
8/19/1972,203000,79,256000,249750
8/26/1972,195000,75,262000,253500
9/2/1972,192000,75,258000,255500
9/9/1972,178000,69,259000,258750
9/16/1972,196000,76,258000,259250
9/23/1972,193000,76,255000,257500
9/30/1972,192000,77,251000,255750
10/7/1972,233000,89,263000,256750
10/14/1972,202000,81,250000,254750
10/21/1972,214000,83,257000,255250
10/28/1972,196000,84,234000,251000
11/4/1972,242000,95,255000,249000
11/11/1972,236000,98,242000,247000
11/18/1972,280000,104,271000,250500
11/25/1972,238000,101,235000,250750
12/2/1972,268000,119,226000,243500
12/9/1972,317000,126,252000,246000
12/16/1972,323000,123,263000,244000
12/23/1972,327000,133,246000,246750
12/30/1972,338000,151,225000,246500
1/6/1973,345000,153,226000,240000
1/13/1973,412000,169,245000,235500
1/20/1973,324000,142,229000,231250
1/27/1973,267000,125,214000,228500
2/3/1973,285000,125,228000,229000
2/10/1973,276000,123,226000,224250
2/17/1973,242000,112,216000,221000
2/24/1973,220000,102,218000,222000
3/3/1973,233000,104,225000,221250
3/10/1973,227000,100,229000,222000
3/17/1973,212000,93,228000,225000
3/24/1973,209000,90,232000,228500
3/31/1973,193000,87,222000,227750
4/7/1973,244000,99,247000,232250
4/14/1973,212000,92,230000,232750
4/21/1973,211000,87,243000,235500
4/28/1973,194000,83,236000,239000
5/5/1973,214000,86,248000,239250
5/12/1973,198000,83,238000,241250
5/19/1973,189000,80,237000,239750
5/26/1973,190000,80,238000,240250
6/2/1973,173000,75,232000,236250
6/9/1973,210000,85,246000,238250
6/16/1973,198000,84,237000,238250
6/23/1973,206000,86,242000,239250
6/30/1973,215000,91,237000,240500
7/7/1973,309000,125,248000,241000
7/14/1973,270000,116,232000,239750
7/21/1973,259000,108,241000,239500
7/28/1973,265000,106,250000,242750
8/4/1973,262000,103,256000,244750
8/11/1973,238000,90,265000,253000
8/18/1973,207000,80,258000,257250
8/25/1973,190000,75,254000,258250
9/1/1973,180000,75,242000,254750
9/8/1973,177000,70,252000,251500
9/15/1973,186000,76,245000,248250
9/22/1973,187000,76,246000,246250
9/29/1973,191000,77,249000,248000
10/6/1973,210000,89,236000,244000
10/13/1973,207000,84,246000,244250
10/20/1973,208000,84,249000,245000
10/27/1973,200000,85,235000,241500
11/3/1973,230000,94,246000,244000
11/10/1973,277000,99,282000,253000
11/17/1973,261000,103,254000,254250
11/24/1973,237000,102,233000,253750
12/1/1973,299000,117,256000,256250
12/8/1973,345000,130,266000,252250
12/15/1973,340000,125,272000,256750
12/22/1973,429000,132,326000,280000
12/29/1973,461000,154,300000,291000
1/5/1974,405000,151,269000,291750
1/12/1974,584000,172,340000,308750
1/19/1974,465000,145,321000,307500
1/26/1974,373000,128,291000,305250
2/2/1974,381000,126,302000,313500
2/9/1974,459000,124,369000,320750
2/16/1974,352000,113,311000,318250
2/23/1974,296000,102,292000,318500
3/2/1974,313000,104,301000,318250
3/9/1974,310000,102,305000,302250
3/16/1974,293000,93,315000,303250
3/23/1974,285000,91,314000,308750
3/30/1974,279000,87,323000,314250
4/6/1974,288000,97,296000,312000
4/13/1974,278000,94,297000,307500
4/20/1974,256000,87,296000,303000
4/27/1974,235000,83,283000,293000
5/4/1974,243000,85,287000,290750
5/11/1974,249000,84,296000,290500
5/18/1974,238000,80,298000,291000
5/25/1974,246000,80,309000,297500
6/1/1974,209000,75,278000,295250
6/8/1974,267000,85,314000,299750
6/15/1974,255000,84,303000,301000
6/22/1974,266000,87,308000,300750
6/29/1974,285000,88,325000,312500
7/6/1974,350000,113,311000,311750
7/13/1974,351000,116,304000,312000
7/20/1974,325000,107,303000,310750
7/27/1974,333000,104,320000,309500
8/3/1974,340000,102,335000,315500
8/10/1974,318000,92,347000,326250
8/17/1974,269000,81,332000,333500
8/24/1974,260000,76,343000,339250
8/31/1974,259000,74,350000,343000
9/7/1974,253000,72,350000,343750
9/14/1974,271000,76,357000,350000
9/21/1974,283000,77,370000,356750
9/28/1974,279000,76,366000,360750
10/5/1974,325000,88,371000,366000
10/12/1974,358000,87,413000,380000
10/19/1974,324000,83,389000,384750
10/26/1974,357000,86,414000,396750
11/2/1974,375000,93,406000,405500
11/9/1974,435000,99,441000,412500
11/16/1974,450000,100,449000,427500
11/23/1974,532000,103,518000,453500
11/30/1974,524000,111,474000,470500
12/7/1974,693000,131,528000,492250
12/14/1974,637000,125,510000,507500
12/21/1974,677000,130,521000,508250
12/28/1974,813000,152,537000,524000
1/4/1975,681000,149,456000,506000
1/11/1975,969000,175,554000,517000
1/18/1975,850000,148,575000,530500
1/25/1975,729000,131,555000,535000
2/1/1975,699000,125,559000,560750
2/8/1975,691000,127,545000,558500
2/15/1975,608000,115,530000,547250
2/22/1975,567000,104,544000,544500
3/1/1975,568000,104,546000,541250
3/8/1975,569000,103,551000,542750
3/15/1975,494000,93,531000,543000
3/22/1975,499000,91,550000,544500
3/29/1975,477000,86,555000,546750
4/5/1975,505000,94,537000,543250
4/12/1975,496000,96,520000,540500
4/19/1975,456000,86,531000,535750
4/26/1975,429000,84,513000,525250
5/3/1975,420000,83,505000,517250
5/10/1975,432000,85,507000,514000
5/17/1975,410000,80,514000,509750
5/24/1975,391000,80,493000,504750
5/31/1975,360000,76,475000,497250
6/7/1975,443000,84,529000,502750
6/14/1975,422000,85,497000,498500
6/21/1975,428000,86,497000,499500
6/28/1975,407000,89,459000,495500
7/5/1975,460000,109,423000,469000
7/12/1975,517000,116,446000,456250
7/19/1975,481000,108,445000,443250
7/26/1975,471000,104,454000,442000
8/2/1975,462000,102,454000,449750
8/9/1975,429000,94,459000,453000
8/16/1975,367000,83,444000,452750
8/23/1975,353000,77,457000,453500
8/30/1975,332000,75,446000,451500
9/6/1975,331000,74,447000,448500
9/13/1975,341000,75,456000,451500
9/20/1975,336000,78,433000,445500
9/27/1975,342000,77,445000,445250
10/4/1975,365000,86,426000,440000
10/11/1975,385000,90,429000,433250
10/18/1975,332000,82,404000,426000
10/25/1975,372000,88,426000,421250
11/1/1975,378000,92,414000,418250
11/8/1975,414000,100,415000,414750
11/15/1975,371000,96,386000,410250
11/22/1975,419000,105,401000,404000
11/29/1975,403000,104,387000,397250
12/6/1975,487000,131,373000,386750
12/13/1975,456000,124,368000,382250
12/20/1975,463000,127,365000,373250
12/27/1975,573000,147,391000,374250
1/3/1976,540000,149,362000,371500
1/10/1976,708000,176,402000,380000
1/17/1976,563000,153,370000,381250
1/24/1976,486000,134,363000,374250
1/31/1976,450000,126,359000,373500
2/7/1976,452000,128,353000,361250
2/14/1976,391000,114,344000,354750
2/21/1976,367000,106,347000,350750
2/28/1976,353000,101,349000,348250
3/6/1976,366000,105,348000,347000
3/13/1976,343000,95,360000,351000
3/20/1976,330000,90,368000,356250
3/27/1976,314000,86,366000,360500
4/3/1976,334000,88,380000,368500
4/10/1976,366000,98,373000,371750
4/17/1976,316000,87,361000,370000
4/24/1976,311000,85,367000,370250
5/1/1976,313000,82,385000,371500
5/8/1976,345000,87,395000,377000
5/15/1976,308000,81,382000,382250
5/22/1976,311000,79,394000,389000
5/29/1976,310000,77,402000,393250
6/5/1976,307000,81,382000,390000
6/12/1976,351000,86,407000,396250
6/19/1976,342000,86,399000,397500
6/26/1976,339000,88,387000,393750
7/3/1976,401000,102,394000,396750
7/10/1976,445000,120,372000,388000
7/17/1976,455000,112,406000,389750
7/24/1976,418000,106,394000,391500
7/31/1976,401000,103,388000,390000
8/7/1976,373000,99,378000,391500
8/14/1976,329000,86,382000,385500
8/21/1976,320000,80,400000,387000
8/28/1976,301000,76,394000,388500
9/4/1976,321000,76,421000,399250
9/11/1976,280000,73,383000,399500
9/18/1976,320000,80,403000,400250
9/25/1976,327000,78,423000,407500
10/2/1976,332000,82,408000,404250
10/9/1976,388000,95,411000,411250
10/16/1976,325000,81,403000,411250
10/23/1976,361000,88,409000,407750
10/30/1976,370000,90,414000,409250
11/6/1976,387000,99,390000,404000
11/13/1976,363000,95,383000,399000
11/20/1976,430000,106,408000,398750
11/27/1976,369000,98,377000,389500
12/4/1976,500000,124,402000,392500
12/11/1976,494000,125,395000,395500
12/18/1976,434000,119,365000,384750
12/25/1976,466000,140,333000,373750
1/1/1977,558000,147,380000,368250
1/8/1977,685000,165,416000,373500
1/15/1977,597000,163,368000,374250
1/22/1977,589000,139,423000,396750
1/29/1977,518000,123,422000,407250
2/5/1977,704000,125,565000,444500
2/12/1977,552000,116,477000,471750
2/19/1977,422000,106,399000,465750
2/26/1977,360000,100,362000,450750
3/5/1977,367000,102,361000,399750
3/12/1977,335000,95,355000,369250
3/19/1977,321000,87,369000,361750
3/26/1977,298000,84,356000,360250
4/2/1977,296000,85,350000,357500
4/9/1977,367000,98,376000,362750
4/16/1977,316000,88,361000,360750
4/23/1977,314000,84,375000,365500
4/30/1977,305000,82,375000,371750
5/7/1977,333000,87,384000,373750
5/14/1977,309000,81,381000,378750
5/21/1977,293000,78,375000,378750
5/28/1977,298000,78,381000,380250
6/4/1977,283000,78,363000,375000
6/11/1977,308000,86,358000,369250
6/18/1977,310000,86,359000,365250
6/25/1977,321000,88,365000,361250
7/2/1977,348000,100,350000,358000
7/9/1977,431000,119,361000,358750
7/16/1977,424000,116,366000,360500
7/23/1977,391000,107,365000,360500
7/30/1977,380000,104,365000,364250
8/6/1977,379000,100,378000,368500
8/13/1977,319000,89,359000,366750
8/20/1977,298000,81,367000,367250
8/27/1977,282000,77,365000,367250
9/3/1977,289000,77,374000,366250
9/10/1977,260000,72,359000,366250
9/17/1977,289000,80,362000,365000
9/24/1977,293000,77,380000,368750
10/1/1977,275000,79,348000,362250
10/8/1977,345000,95,365000,363750
10/15/1977,287000,80,358000,362750
10/22/1977,322000,86,375000,361500
10/29/1977,309000,89,349000,361750
11/5/1977,352000,96,366000,362000
11/12/1977,310000,93,334000,356000
11/19/1977,367000,102,360000,352250
11/26/1977,342000,97,354000,353500
12/3/1977,430000,117,367000,353750
12/10/1977,448000,123,364000,361250
12/17/1977,412000,115,359000,361000
12/24/1977,450000,131,344000,358500
12/31/1977,535000,147,364000,357750
1/7/1978,559000,162,346000,353250
1/14/1978,579000,169,343000,349250
1/21/1978,500000,142,352000,351250
1/28/1978,445000,123,363000,351000
2/4/1978,447000,124,360000,354500
2/11/1978,438000,117,373000,362000
2/18/1978,455000,106,429000,381250
2/25/1978,372000,101,371000,383250
3/4/1978,360000,102,355000,382000
3/11/1978,342000,96,359000,378500
3/18/1978,302000,87,347000,358000
3/25/1978,280000,84,335000,349000
4/1/1978,278000,84,333000,343500
4/8/1978,338000,98,345000,340000
4/15/1978,279000,91,309000,330500
4/22/1978,277000,87,319000,326500
4/29/1978,269000,83,324000,324250
5/6/1978,291000,87,334000,321500
5/13/1978,268000,83,322000,324750
5/20/1978,266000,80,334000,328500
5/27/1978,256000,81,318000,327000
6/3/1978,242000,78,310000,321000
6/10/1978,292000,88,331000,323250
6/17/1978,287000,88,326000,321250
6/24/1978,297000,90,330000,324250
7/1/1978,347000,100,348000,333750
7/8/1978,428000,120,356000,340000
7/15/1978,421000,120,352000,346500
7/22/1978,387000,111,349000,351250
7/29/1978,371000,107,346000,350750
8/5/1978,376000,103,365000,353000
8/12/1978,326000,92,354000,353500
8/19/1978,287000,84,343000,352000
8/26/1978,264000,79,333000,348750
9/2/1978,249000,80,313000,335750
9/9/1978,246000,73,337000,331500
9/16/1978,262000,82,322000,326250
9/23/1978,254000,79,323000,323750
9/30/1978,249000,79,318000,325000
10/7/1978,323000,94,343000,326500
10/14/1978,262000,83,316000,325000
10/21/1978,287000,85,338000,328750
10/28/1978,280000,89,316000,328250
11/4/1978,302000,96,317000,321750
11/11/1978,286000,94,304000,318750
11/18/1978,345000,101,342000,319750
11/25/1978,350000,98,359000,330500
12/2/1978,427000,114,377000,345500
12/9/1978,427000,124,344000,355500
12/16/1978,390000,113,347000,356750
12/23/1978,447000,127,352000,355000
12/30/1978,515000,144,358000,350250
1/6/1979,559000,156,359000,354000
1/13/1979,680000,174,392000,365250
1/20/1979,488000,145,337000,361500
1/27/1979,423000,124,342000,357500
2/3/1979,424000,122,348000,354750
2/10/1979,418000,117,359000,346500
2/17/1979,384000,105,367000,354000
2/24/1979,364000,101,360000,358500
3/3/1979,358000,101,355000,360250
3/10/1979,346000,95,363000,361250
3/17/1979,315000,88,359000,359250
3/24/1979,296000,84,353000,357500
3/31/1979,300000,83,360000,358750
4/7/1979,449000,97,465000,384250
4/14/1979,424000,93,457000,408750
4/21/1979,340000,89,383000,416250
4/28/1979,303000,85,357000,415500
5/5/1979,307000,87,353000,387500
5/12/1979,290000,85,344000,359250
5/19/1979,280000,81,346000,350000
5/26/1979,287000,82,349000,348000
6/2/1979,262000,78,336000,343750
6/9/1979,322000,88,365000,349000
6/16/1979,312000,89,351000,350250
6/23/1979,343000,91,379000,357750
6/30/1979,366000,100,369000,366000
7/7/1979,458000,125,368000,366750
7/14/1979,446000,121,368000,371000
7/21/1979,445000,113,395000,375000
7/28/1979,417000,108,386000,379250
8/4/1979,428000,104,412000,390250
8/11/1979,360000,93,386000,394750
8/18/1979,329000,85,387000,392750
8/25/1979,313000,80,390000,393750
9/1/1979,312000,80,389000,388000
9/8/1979,285000,75,378000,386000
9/15/1979,311000,81,384000,385250
9/22/1979,309000,80,388000,384750
9/29/1979,303000,78,390000,385000
10/6/1979,379000,92,412000,393500
10/13/1979,335000,85,393000,395750
10/20/1979,342000,84,406000,400250
10/27/1979,353000,89,398000,402250
11/3/1979,372000,94,395000,398000
11/10/1979,392000,95,414000,403250
11/17/1979,401000,93,430000,409250
11/24/1979,379000,92,414000,413250
12/1/1979,513000,123,416000,418500
12/8/1979,521000,126,415000,418750
12/15/1979,455000,111,411000,414000
12/22/1979,580000,123,471000,428250
12/29/1979,596000,139,428000,431250
1/5/1980,574000,146,394000,426000
1/12/1980,804000,199,405000,424500
1/19/1980,648000,145,446000,418250
1/26/1980,515000,125,412000,414250
2/2/1980,471000,117,404000,416750
2/9/1980,493000,116,425000,421750
2/16/1980,418000,101,415000,414000
2/23/1980,415000,97,428000,418000
3/1/1980,407000,100,409000,419250
3/8/1980,413000,99,418000,417500
3/15/1980,398000,92,432000,421750
3/22/1980,392000,90,435000,423500
3/29/1980,399000,84,475000,440000
4/5/1980,451000,97,464000,451500
4/12/1980,535000,98,544000,479500
4/19/1980,495000,90,548000,507750
4/26/1980,482000,86,563000,529750
5/3/1980,491000,86,572000,556750
5/10/1980,526000,88,601000,571000
5/17/1980,539000,84,642000,594500
5/24/1980,525000,84,627000,610500
5/31/1980,477000,75,637000,626750
6/7/1980,562000,92,610000,629000
6/14/1980,511000,87,592000,616500
6/21/1980,529000,88,599000,609500
6/28/1980,563000,90,627000,607000
7/5/1980,584000,101,579000,599250
7/12/1980,643000,121,533000,584500
7/19/1980,628000,111,567000,576500
7/26/1980,569000,102,558000,559250
8/2/1980,536000,94,569000,556750
8/9/1980,494000,93,533000,556750
8/16/1980,435000,83,525000,546250
8/23/1980,410000,80,512000,534750
8/30/1980,397000,79,502000,518000
9/6/1980,374000,73,511000,512500
9/13/1980,414000,84,492000,504250
9/20/1980,381000,82,465000,492500
9/27/1980,363000,79,463000,482750
10/4/1980,410000,89,462000,470500
10/11/1980,417000,93,447000,459250
10/18/1980,355000,84,425000,449250
10/25/1980,384000,92,418000,438000
11/1/1980,395000,94,419000,427250
11/8/1980,416000,102,407000,417250
11/15/1980,403000,94,427000,417750
11/22/1980,440000,111,398000,412750
11/29/1980,407000,99,412000,411000
12/6/1980,534000,128,416000,413250
12/13/1980,481000,117,413000,409750
12/20/1980,499000,121,412000,413250
12/27/1980,546000,137,399000,410000
1/3/1981,580000,142,410000,408500
1/10/1981,839000,200,419000,410000
1/17/1981,638000,152,421000,412250
1/24/1981,521000,132,396000,411500
1/31/1981,490000,117,419000,413750
2/7/1981,500000,119,420000,414000
2/14/1981,439000,104,423000,414500
2/21/1981,430000,98,438000,425000
2/28/1981,432000,100,434000,428750
3/7/1981,414000,101,409000,426000
3/14/1981,385000,94,408000,422250
3/21/1981,365000,91,401000,413000
3/28/1981,356000,86,412000,407500
4/4/1981,383000,92,417000,409500
4/11/1981,401000,101,396000,406500
4/18/1981,350000,89,392000,404250
4/25/1981,379000,87,436000,410250
5/2/1981,342000,83,413000,409250
5/9/1981,369000,87,423000,416000
5/16/1981,340000,82,414000,421500
5/23/1981,342000,82,415000,416250
5/30/1981,301000,72,417000,417250
6/6/1981,384000,90,428000,418500
6/13/1981,367000,87,425000,421250
6/20/1981,376000,86,435000,426250
6/27/1981,387000,87,444000,433000
7/4/1981,430000,94,460000,441000
7/11/1981,516000,121,426000,441250
7/18/1981,481000,112,430000,440000
7/25/1981,429000,106,407000,430750
8/1/1981,444000,93,476000,434750
8/8/1981,419000,94,448000,440250
8/15/1981,369000,84,442000,443250
8/22/1981,351000,81,434000,450000
8/29/1981,352000,78,451000,443750
9/5/1981,396000,84,473000,450000
9/12/1981,331000,73,454000,453000
9/19/1981,392000,83,475000,463250
9/26/1981,392000,80,491000,473250
10/3/1981,416000,85,489000,477250
10/10/1981,476000,97,491000,486500
10/17/1981,408000,84,487000,489500
10/24/1981,450000,93,483000,487500
10/31/1981,479000,93,514000,493750
11/7/1981,534000,104,514000,499500
11/14/1981,483000,93,517000,507000
11/21/1981,522000,113,464000,502250
11/28/1981,535000,97,552000,511750
12/5/1981,726000,130,558000,522750
12/12/1981,657000,119,551000,531250
12/19/1981,644000,120,539000,550000
12/26/1981,702000,126,556000,551000
1/2/1982,694300,140,495000,535250
1/9/1982,1073500,197,545000,533750
1/16/1982,761700,156,489000,521250
1/23/1982,771200,137,564000,523250
1/30/1982,692300,119,583000,545250
2/6/1982,671000,121,556000,548000
2/13/1982,532800,105,507000,552500
2/20/1982,522900,96,544000,547500
2/27/1982,536300,102,528000,533750
3/6/1982,566300,102,556000,533750
3/13/1982,515100,96,539000,541750
3/20/1982,510500,92,557000,545000
3/27/1982,501500,87,574000,556500
4/3/1982,516600,89,578000,562000
4/10/1982,606300,104,585000,573500
4/17/1982,540300,91,597000,583500
4/24/1982,518600,88,588000,587000
5/1/1982,475600,83,576000,586500
5/8/1982,516500,89,584000,586250
5/15/1982,486500,83,585000,583250
5/22/1982,486300,83,586000,582750
5/29/1982,485800,83,588000,585750
6/5/1982,478600,78,611000,592500
6/12/1982,541600,88,614000,599750
6/19/1982,508100,86,591000,601000
6/26/1982,507700,87,582000,599500
7/3/1982,594400,99,600000,596750
7/10/1982,631400,111,572000,586250
7/17/1982,647000,114,567000,580250
7/24/1982,576100,108,536000,568750
7/31/1982,562600,93,605000,570000
8/7/1982,569200,94,606000,578500
8/14/1982,536400,84,637000,596000
8/21/1982,510400,81,628000,619000
8/28/1982,502300,78,647000,629500
9/4/1982,537600,83,651000,640750
9/11/1982,467700,73,641000,641750
9/18/1982,559500,82,680000,654750
9/25/1982,535000,80,671000,660750
10/2/1982,565600,81,695000,671750
10/9/1982,638100,98,651000,674250
10/16/1982,540300,82,656000,668250
10/23/1982,577600,93,623000,656250
10/30/1982,576800,91,637000,641750
11/6/1982,604800,103,589000,626250
11/13/1982,546700,91,599000,612000
11/20/1982,650400,113,577000,600500
11/27/1982,574100,94,612000,594250
12/4/1982,709400,127,557000,586250
12/11/1982,638200,120,533000,569750
12/18/1982,598000,116,516000,554500
12/25/1982,653600,134,489000,523750
1/1/1983,745100,140,534000,518000
1/8/1983,976600,192,510000,512250
1/15/1983,773600,161,479000,503000
1/22/1983,650600,136,479000,500500
1/29/1983,597700,119,503000,492750
2/5/1983,594200,119,501000,490500
2/12/1983,525100,108,486000,492250
2/19/1983,506300,104,487000,494250
2/26/1983,448700,93,481000,488750
3/5/1983,497400,100,495000,487250
3/12/1983,459700,97,475000,484500
3/19/1983,427500,91,470000,480250
3/26/1983,422100,88,481000,480250
4/2/1983,423000,86,491000,479250
4/9/1983,509700,103,496000,484500
4/16/1983,464800,90,515000,495750
4/23/1983,431300,88,488000,497500
4/30/1983,399900,82,490000,497250
5/7/1983,435000,88,494000,496750
5/14/1983,385200,83,464000,484000
5/21/1983,380300,83,460000,477000
5/28/1983,373000,82,454000,468000
6/4/1983,351100,76,459000,459250
6/11/1983,390100,88,442000,453750
6/18/1983,369200,85,434000,447250
6/25/1983,383500,87,442000,444250
7/2/1983,397400,94,422000,435000
7/9/1983,451900,110,412000,427500
7/16/1983,459400,116,396000,418000
7/23/1983,428300,109,395000,406250
7/30/1983,383400,92,415000,404500
8/6/1983,382500,92,415000,405250
8/13/1983,382300,84,457000,420500
8/20/1983,356900,80,445000,433000
8/27/1983,323600,76,426000,435750
9/3/1983,328800,80,411000,434750
9/10/1983,288700,72,403000,421250
9/17/1983,326900,81,405000,411250
9/24/1983,324700,78,416000,408750
10/1/1983,318500,77,413000,409250
10/8/1983,390500,96,406000,410000
10/15/1983,319900,81,394000,407250
10/22/1983,354900,90,394000,401750
10/29/1983,356400,88,404000,399500
11/5/1983,398200,101,395000,396750
11/12/1983,347300,89,390000,395750
11/19/1983,431900,112,387000,394000
11/26/1983,362900,91,398000,392500
12/3/1983,458400,126,365000,385000
12/10/1983,442900,120,368000,379500
12/17/1983,414600,115,362000,373250
12/24/1983,496800,132,377000,368000
12/31/1983,558900,150,372000,369750
1/7/1984,621600,175,356000,366750
1/14/1984,637900,182,351000,364000
1/21/1984,475100,143,333000,353000
1/28/1984,448500,123,364000,351000
2/4/1984,408400,119,342000,347500
2/11/1984,381500,113,338000,344250
2/18/1984,349300,104,334000,344500
2/25/1984,329100,96,343000,339250
3/3/1984,350500,101,347000,340500
3/10/1984,344000,100,346000,342500
3/17/1984,323500,93,349000,346250
3/24/1984,317600,92,346000,347000
3/31/1984,291400,85,341000,345500
4/7/1984,390300,102,381000,354250
4/14/1984,330800,93,357000,356250
4/21/1984,326500,90,364000,360750
4/28/1984,309300,82,375000,369250
5/5/1984,318900,87,365000,365250
5/12/1984,312100,85,368000,368000
5/19/1984,294200,83,354000,365500
5/26/1984,292700,83,354000,360250
6/2/1984,268700,76,355000,357750
6/9/1984,333800,90,369000,358000
6/16/1984,309900,86,361000,359750
6/23/1984,316800,88,362000,361750
6/30/1984,329000,91,360000,363000
7/7/1984,432500,118,366000,362250
7/14/1984,435900,121,360000,362000
7/21/1984,396200,111,357000,360750
7/28/1984,343800,96,359000,360500
8/4/1984,348100,91,382000,364500
8/11/1984,328100,86,380000,369500
8/18/1984,321000,80,401000,380500
8/25/1984,303300,77,395000,389500
9/1/1984,303500,79,385000,390250
9/8/1984,289300,72,402000,395750
9/15/1984,320700,82,393000,393750
9/22/1984,313200,79,395000,393750
9/29/1984,304700,76,402000,398000
10/6/1984,373300,93,403000,398250
10/13/1984,353200,86,410000,402500
10/20/1984,378700,86,439000,413500
10/27/1984,380500,90,425000,419250
11/3/1984,413400,98,423000,424250
11/10/1984,397500,101,393000,420000
11/17/1984,370800,97,383000,406000
11/24/1984,387000,90,429000,407000
12/1/1984,494700,124,401000,401500
12/8/1984,477900,125,383000,399000
12/15/1984,443700,115,386000,399750
12/22/1984,482300,127,379000,387250
12/29/1984,527500,139,379000,381750
1/5/1985,568300,154,369000,378250
1/12/1985,770000,199,387000,378500
1/19/1985,537700,150,359000,373500
1/26/1985,478300,130,368000,370750
2/2/1985,452400,117,386000,375000
2/9/1985,473300,118,401000,378500
2/16/1985,404700,104,390000,386250
2/23/1985,379000,97,390000,391750
3/2/1985,377300,101,374000,388750
3/9/1985,389200,101,385000,384750
3/16/1985,360500,93,386000,383750
3/23/1985,346700,93,373000,379500
3/30/1985,329100,85,386000,382500
4/6/1985,398000,98,405000,387500
4/13/1985,397500,97,411000,393750
4/20/1985,351800,90,391000,398250
4/27/1985,324700,84,386000,398250
5/4/1985,335600,86,390000,394500
5/11/1985,339100,86,394000,390250
5/18/1985,324900,83,391000,390250
5/25/1985,328500,83,396000,392750
6/1/1985,293500,75,393000,393500
6/8/1985,368900,92,403000,395750
6/15/1985,339200,87,390000,395500
6/22/1985,339500,88,386000,393000
6/29/1985,349800,90,390000,392250
7/6/1985,409500,104,395000,390250
7/13/1985,481500,125,386000,389250
7/20/1985,413700,112,370000,385250
7/27/1985,358700,99,362000,378250
8/3/1985,365800,90,407000,381250
8/10/1985,358200,89,402000,385250
8/17/1985,319400,80,399000,392500
8/24/1985,314800,78,405000,403250
8/31/1985,317600,78,409000,403750
9/7/1985,304700,72,426000,409750
9/14/1985,332900,82,408000,412000
9/21/1985,317600,79,401000,411000
9/28/1985,301600,76,399000,408500
10/5/1985,355600,88,405000,403250
10/12/1985,358000,89,400000,401250
10/19/1985,331000,83,400000,401000
10/26/1985,375700,90,418000,405750
11/2/1985,375300,94,398000,404000
11/9/1985,404100,102,397000,403250
11/16/1985,380300,96,397000,402500
11/23/1985,423100,111,382000,393500
11/30/1985,384700,98,393000,392250
12/7/1985,504200,126,399000,392750
12/14/1985,443400,116,382000,389000
12/21/1985,458200,124,370000,386000
12/28/1985,548200,141,390000,385250
1/4/1986,547500,151,362000,376000
1/11/1986,803900,203,397000,379750
1/18/1986,568800,156,364000,378250
1/25/1986,395700,115,344000,366750
2/1/1986,425400,117,364000,367250
2/8/1986,438100,120,366000,359500
2/15/1986,374200,105,358000,358000
2/22/1986,382200,98,390000,369500
3/1/1986,381200,102,375000,372250
3/8/1986,371700,102,366000,372250
3/15/1986,361600,95,382000,378250
3/22/1986,363100,94,387000,377500
3/29/1986,333300,84,396000,382750
4/5/1986,366100,96,381000,386500
4/12/1986,386100,99,388000,388000
4/19/1986,348700,91,383000,387000
4/26/1986,335100,86,391000,385750
5/3/1986,333600,85,392000,388500
5/10/1986,343800,87,395000,390250
5/17/1986,319000,83,384000,390500
5/24/1986,321700,83,386000,389250
5/31/1986,278700,75,373000,384500
6/7/1986,342200,91,375000,379500
6/14/1986,324700,88,369000,375750
6/21/1986,327400,89,367000,371000
6/28/1986,336100,91,371000,370500
7/5/1986,377400,102,371000,369500
7/12/1986,456200,126,361000,367500
7/19/1986,402400,114,354000,364250
7/26/1986,370700,103,362000,362000
8/2/1986,370900,89,416000,373250
8/9/1986,376900,91,416000,387000
8/16/1986,326000,80,407000,400250
8/23/1986,310200,78,397000,409000
8/30/1986,307100,77,401000,405250
9/6/1986,283700,71,400000,401250
9/13/1986,320800,82,394000,398000
9/20/1986,315800,79,399000,398500
9/27/1986,294200,76,389000,395500
10/4/1986,328900,84,391000,393250
10/11/1986,357700,92,387000,391500
10/18/1986,313000,81,385000,388000
10/25/1986,332400,90,370000,383250
11/1/1986,334100,92,364000,376500
11/8/1986,357600,102,349000,367000
11/15/1986,347400,94,368000,362750
11/22/1986,410600,111,369000,362500
11/29/1986,350900,96,366000,363000
12/6/1986,462700,128,363000,366500
12/13/1986,438600,117,375000,368250
12/20/1986,423800,121,350000,363500
12/27/1986,483900,140,345000,358250
1/3/1987,483977,150,323000,348250
1/10/1987,710493,204,348000,341500
1/17/1987,545768,160,341000,339250
1/24/1987,412977,119,346000,339500
1/31/1987,435743,118,370000,351250
2/7/1987,444240,121,368000,356250
2/14/1987,359219,106,338000,355500
2/21/1987,332930,98,341000,354250
2/28/1987,355357,102,348000,348750
3/7/1987,343065,102,337000,341000
3/14/1987,321153,96,335000,340250
3/21/1987,313104,94,335000,338750
3/28/1987,288648,88,326000,333250
4/4/1987,308940,94,330000,331500
4/11/1987,344364,102,338000,332250
4/18/1987,305201,88,349000,335750
4/25/1987,285566,87,328000,336250
5/2/1987,277726,84,330000,336250
5/9/1987,276773,88,315000,330500
5/16/1987,283832,83,341000,328500
5/23/1987,286150,83,343000,332250
5/30/1987,242793,75,326000,331250
6/6/1987,299672,92,328000,334500
6/13/1987,281043,89,316000,328250
6/20/1987,285191,89,319000,322250
6/27/1987,294288,90,326000,322250
7/4/1987,321855,99,326000,321750
7/11/1987,402706,127,317000,322000
7/18/1987,361491,117,310000,319750
7/25/1987,339756,105,324000,319250
8/1/1987,309433,89,348000,324750
8/8/1987,296403,91,327000,327250
8/15/1987,256647,80,319000,329500
8/22/1987,245058,79,312000,326500
8/29/1987,243829,76,322000,320000
9/5/1987,255589,81,316000,317250
9/12/1987,210375,71,297000,311750
9/19/1987,243651,79,309000,311000
9/26/1987,242206,77,317000,309750
10/3/1987,244736,81,301000,306000
10/10/1987,291075,95,308000,308750
10/17/1987,242157,80,301000,306750
10/24/1987,271190,90,301000,302750
10/31/1987,261036,90,289000,299750
11/7/1987,306340,103,297000,297000
11/14/1987,286334,93,307000,298500
11/21/1987,354037,112,317000,302500
11/28/1987,288614,94,306000,306750
12/5/1987,412297,129,319000,312250
12/12/1987,372869,118,317000,314750
12/19/1987,384763,119,323000,316250
12/26/1987,397287,126,316000,318750
1/2/1988,465503,148,315000,317750
1/9/1988,654620,202,325000,319750
1/16/1988,577975,160,361000,329250
1/23/1988,412685,123,335000,334000
1/30/1988,394776,116,342000,340750
2/6/1988,380906,120,318000,339000
2/13/1988,334833,108,311000,326500
2/20/1988,315497,97,327000,324500
2/27/1988,324517,102,319000,318750
3/5/1988,312409,102,307000,316000
3/12/1988,294321,97,304000,314250
3/19/1988,275545,90,307000,309250
3/26/1988,269000,89,304000,305500
4/2/1988,256607,83,309000,306000
4/9/1988,319713,102,313000,308250
4/16/1988,273160,87,314000,310000
4/23/1988,272440,87,312000,312000
4/30/1988,247619,79,313000,313000
5/7/1988,267315,86,309000,312000
5/14/1988,257101,82,314000,312000
5/21/1988,259640,81,319000,313750
5/28/1988,255852,82,313000,313750
6/4/1988,235308,76,310000,314000
6/11/1988,268052,88,305000,311750
6/18/1988,264100,85,311000,309750
6/25/1988,268770,88,307000,308250
7/2/1988,290079,95,305000,307000
7/9/1988,335780,111,303000,306500
7/16/1988,377872,120,315000,307500
7/23/1988,384920,109,354000,319250
7/30/1988,311475,94,331000,325750
8/6/1988,293718,93,316000,329000
8/13/1988,261066,84,312000,328250
8/20/1988,253359,80,316000,318750
8/27/1988,241809,77,315000,314750
9/3/1988,243944,80,306000,312250
9/10/1988,220226,72,305000,310500
9/17/1988,247250,81,306000,308000
9/24/1988,236230,79,301000,304500
10/1/1988,226453,78,292000,301000
10/8/1988,276732,95,292000,297750
10/15/1988,237722,81,293000,294500
10/22/1988,264201,92,286000,290750
10/29/1988,265794,90,294000,291250
11/5/1988,293412,103,285000,289500
11/12/1988,257201,91,284000,287250
11/19/1988,335818,114,294000,289250
11/26/1988,281841,94,299000,290500
12/3/1988,391406,132,298000,293750
12/10/1988,354028,124,285000,294000
12/17/1988,354768,121,293000,293750
12/24/1988,413175,144,286000,290500
12/31/1988,474226,156,304000,292000
1/7/1989,544138,182,299000,295500
1/14/1989,519727,183,283000,293000
1/21/1989,364499,129,282000,292000
1/28/1989,361331,123,295000,289750
2/4/1989,340647,118,288000,287000
2/11/1989,365301,114,322000,296750
2/18/1989,317676,104,305000,302500
2/25/1989,288690,96,300000,303750
3/4/1989,333669,103,325000,313000
3/11/1989,325019,100,325000,313750
3/18/1989,291112,91,319000,317250
3/25/1989,276369,87,319000,322000
4/1/1989,275799,85,323000,321500
4/8/1989,321723,103,314000,318750
4/15/1989,275240,90,307000,315750
4/22/1989,271002,89,304000,312000
4/29/1989,247646,80,311000,309000
5/6/1989,275425,86,320000,310500
5/13/1989,275507,83,332000,316750
5/20/1989,260543,81,321000,321000
5/27/1989,266146,82,325000,324500
6/3/1989,243246,75,325000,325750
6/10/1989,295499,89,332000,325750
6/17/1989,285589,85,337000,329750
6/24/1989,295338,88,338000,333000
7/1/1989,319577,92,349000,339000
7/8/1989,364594,107,341000,341250
7/15/1989,423847,122,349000,344250
7/22/1989,365026,110,332000,342750
7/29/1989,320773,95,337000,339750
8/5/1989,311584,92,338000,339000
8/12/1989,291429,86,341000,337000
8/19/1989,261419,80,327000,335750
8/26/1989,254488,77,332000,334500
9/2/1989,259540,79,329000,332250
9/9/1989,239989,72,336000,331000
9/16/1989,271903,81,334000,332750
9/23/1989,262895,79,334000,333250
9/30/1989,265310,76,347000,337750
10/7/1989,375972,92,407000,355500
10/14/1989,284584,83,345000,358250
10/21/1989,315473,91,347000,361500
10/28/1989,317538,90,354000,363250
11/4/1989,336759,101,333000,344750
11/11/1989,303556,90,336000,342500
11/18/1989,377814,113,336000,339750
11/25/1989,316458,93,342000,336750
12/2/1989,443684,129,344000,339500
12/9/1989,426514,126,338000,340000
12/16/1989,420795,119,355000,344750
12/23/1989,534261,140,381000,354500
12/30/1989,515926,144,358000,358000
1/6/1990,581679,164,355000,362250
1/13/1990,730995,198,369000,365750
1/20/1990,485424,130,375000,364250
1/27/1990,440748,128,345000,361000
2/3/1990,432922,118,368000,364250
2/10/1990,429764,117,367000,363750
2/17/1990,364616,105,348000,357000
2/24/1990,341969,98,350000,358250
3/3/1990,361937,103,351000,354000
3/10/1990,355935,102,349000,349500
3/17/1990,325164,93,349000,349750
3/24/1990,306391,93,331000,345000
3/31/1990,297117,86,346000,343750
4/7/1990,372079,101,367000,348250
4/14/1990,315624,89,357000,350250
4/21/1990,324936,90,360000,357500
4/28/1990,294785,81,363000,361750
5/5/1990,304160,86,354000,358500
5/12/1990,299266,84,355000,358000
5/19/1990,287082,81,353000,356250
5/26/1990,295476,82,359000,355250
6/2/1990,273910,74,368000,358750
6/9/1990,321727,90,359000,359750
6/16/1990,305690,85,359000,361250
6/23/1990,316999,88,362000,362000
6/30/1990,326407,90,364000,361000
7/7/1990,419256,116,362000,361750
7/14/1990,448952,122,367000,363750
7/21/1990,407676,110,370000,365750
7/28/1990,353149,96,369000,367000
8/4/1990,336997,91,369000,368750
8/11/1990,330678,87,381000,372250
8/18/1990,313804,80,393000,378000
8/25/1990,302267,77,394000,384250
9/1/1990,305510,78,392000,390000
9/8/1990,277768,71,390000,392250
9/15/1990,323246,82,395000,392750
9/22/1990,306549,79,389000,391500
9/29/1990,308080,76,404000,394500
10/6/1990,361538,90,404000,398000
10/13/1990,356203,84,422000,404750
10/20/1990,387444,89,435000,416250
10/27/1990,394598,90,440000,425250
11/3/1990,424771,99,430000,431750
11/10/1990,463874,104,448000,438250
11/17/1990,433003,97,447000,441250
11/24/1990,422676,91,462000,446750
12/1/1990,568583,126,451000,452000
12/8/1990,574323,128,449000,452250
12/15/1990,523403,117,447000,452250
12/22/1990,637449,134,474000,455250
12/29/1990,649471,143,454000,456000
1/5/1991,651775,157,415000,447500
1/12/1991,872742,200,437000,445000
1/19/1991,691092,155,445000,437750
1/26/1991,511360,111,462000,439750
2/2/1991,563060,117,483000,456750
2/9/1991,574760,120,480000,467500
2/16/1991,498200,105,474000,474750
2/23/1991,492325,99,499000,484000
3/2/1991,504023,103,488000,485250
3/9/1991,514410,103,499000,490000
3/16/1991,470801,95,498000,496000
3/23/1991,477877,94,509000,498500
3/30/1991,412904,83,499000,501250
4/6/1991,448082,99,452000,489500
4/13/1991,459364,96,477000,484250
4/20/1991,433912,91,478000,476500
4/27/1991,385153,83,462000,467250
5/4/1991,384458,85,451000,467000
5/11/1991,382113,86,446000,459250
5/18/1991,366492,82,448000,451750
5/25/1991,365117,83,443000,447000
6/1/1991,320632,74,432000,442250
6/8/1991,397682,90,441000,441000
6/15/1991,369074,86,429000,436250
6/22/1991,371232,88,423000,431250
6/29/1991,370372,89,418000,427750
7/6/1991,427161,101,422000,423000
7/13/1991,517888,123,420000,420750
7/20/1991,454655,111,408000,417000
7/27/1991,408098,96,423000,418250
8/3/1991,397522,91,438000,422250
8/10/1991,385740,88,437000,426500
8/17/1991,344969,80,433000,432750
8/24/1991,329287,77,425000,433250
8/31/1991,328040,77,425000,430000
9/7/1991,302187,71,424000,426750
9/14/1991,342419,82,418000,423000
9/21/1991,333110,80,419000,421500
9/28/1991,334206,76,437000,424500
10/5/1991,366862,87,424000,424500
10/12/1991,388370,91,425000,426250
10/19/1991,344189,82,419000,426250
10/26/1991,380253,90,423000,422750
11/2/1991,427789,96,447000,428500
11/9/1991,473432,104,453000,435500
11/16/1991,417766,95,439000,440500
11/23/1991,503032,113,444000,445750
11/30/1991,433180,98,444000,445000
12/7/1991,610113,128,475000,450500
12/14/1991,554059,117,475000,459500
12/21/1991,555747,128,436000,457500
12/28/1991,625772,142,441000,456750
1/4/1992,652046,151,432000,446000
1/11/1992,882118,201,440000,437250
1/18/1992,687914,155,443000,439000
1/25/1992,504838,115,441000,439000
2/1/1992,508594,116,440000,441000
2/8/1992,537238,121,445000,442250
2/15/1992,469794,105,446000,443000
2/22/1992,429723,99,436000,441750
2/29/1992,454987,103,444000,442750
3/7/1992,434426,103,421000,436750
3/14/1992,417282,96,437000,434500
3/21/1992,413180,94,440000,435500
3/28/1992,370883,88,420000,429500
4/4/1992,393384,96,412000,427250
4/11/1992,412948,100,413000,421250
4/18/1992,366621,87,424000,417250
4/25/1992,364454,86,424000,418250
5/2/1992,363794,84,431000,423000
5/9/1992,364100,87,417000,424000
5/16/1992,341425,82,414000,421500
5/23/1992,343432,83,414000,419000
5/30/1992,305080,74,411000,414000
6/6/1992,374978,90,416000,413750
6/13/1992,369067,88,420000,415250
6/20/1992,369995,88,419000,416500
6/27/1992,370373,88,420000,418750
7/4/1992,395505,97,407000,416500
7/11/1992,506050,124,408000,413500
7/18/1992,452468,115,392000,406750
7/25/1992,554590,98,564000,442750
8/1/1992,382138,90,423000,446750
8/8/1992,366092,90,406000,446250
8/15/1992,322729,81,401000,448500
8/22/1992,312436,79,398000,407000
8/29/1992,309806,76,408000,403250
9/5/1992,339006,82,416000,405750
9/12/1992,299189,72,416000,409500
9/19/1992,345093,81,427000,416750
9/26/1992,315455,77,409000,417000
10/3/1992,326938,82,398000,412500
10/10/1992,353504,95,374000,402000
10/17/1992,310235,81,385000,391500
10/24/1992,333005,91,367000,381000
10/31/1992,331922,91,365000,372750
11/7/1992,392213,105,374000,372750
11/14/1992,348011,92,377000,370750
11/21/1992,401972,113,357000,368250
11/28/1992,317218,93,341000,362250
12/5/1992,449726,129,350000,356250
12/12/1992,424677,118,359000,351750
12/19/1992,396619,119,334000,346000
12/26/1992,392612,126,313000,339000
1/2/1993,487466,143,341000,336750
1/9/1993,704930,199,354000,335500
1/16/1993,558516,159,352000,340000
1/23/1993,410944,120,341000,347000
1/30/1993,397000,117,340000,346750
2/6/1993,384707,121,319000,338000
2/13/1993,344520,107,321000,330250
2/20/1993,345116,98,351000,332750
2/27/1993,367412,102,362000,338250
3/6/1993,364185,103,354000,347000
3/13/1993,335154,97,346000,353250
3/20/1993,315473,93,338000,350000
3/27/1993,330512,90,366000,351000
4/3/1993,331871,91,365000,353750
4/10/1993,346648,98,353000,355500
4/17/1993,321564,92,351000,358750
4/24/1993,310916,89,350000,354750
5/1/1993,285098,83,343000,349250
5/8/1993,301906,89,339000,345750
5/15/1993,287944,83,345000,344250
5/22/1993,285444,84,342000,342250
5/29/1993,291206,84,349000,343750
6/5/1993,273411,80,343000,344750
6/12/1993,308535,90,343000,344250
6/19/1993,304843,88,345000,345000
6/26/1993,301549,89,340000,342750
7/3/1993,334335,100,334000,340500
7/10/1993,362425,115,314000,333250
7/17/1993,402348,120,335000,330750
7/24/1993,418260,101,415000,349500
7/31/1993,320155,90,356000,355000
8/7/1993,314579,91,346000,363000
8/14/1993,277263,82,339000,364000
8/21/1993,270913,79,342000,345750
8/28/1993,254231,76,337000,341000
9/4/1993,270528,81,334000,338000
9/11/1993,238902,72,333000,336500
9/18/1993,280903,81,346000,337500
9/25/1993,265510,77,343000,339000
10/2/1993,263636,79,333000,338750
10/9/1993,338726,95,355000,344250
10/16/1993,288699,81,359000,347500
10/23/1993,321509,91,354000,350250
10/30/1993,309359,89,348000,354000
11/6/1993,365280,105,350000,352750
11/13/1993,310455,91,341000,348250
11/20/1993,377935,113,336000,343750
11/27/1993,306788,91,337000,341000
12/4/1993,431210,128,337000,337750
12/11/1993,398560,119,334000,336000
12/18/1993,382583,116,331000,334750
12/25/1993,398084,137,290000,323000
1/1/1994,481735,141,341000,324000
1/8/1994,676076,197,343000,326250
1/15/1994,571816,161,355000,332250
1/22/1994,427570,122,351000,347500
1/29/1994,481458,119,406000,363750
2/5/1994,429800,119,361000,368250
2/12/1994,385594,109,354000,368000
2/19/1994,368626,105,352000,368250
2/26/1994,307194,94,327000,348500
3/5/1994,355250,102,348000,345250
3/12/1994,331023,97,341000,342000
3/19/1994,308038,93,332000,337000
3/26/1994,292661,91,322000,335750
4/2/1994,289631,85,342000,334250
4/9/1994,361348,104,349000,336250
4/16/1994,327166,92,354000,341750
4/23/1994,298620,90,331000,344000
4/30/1994,285837,83,344000,344500
5/7/1994,332414,90,371000,350000
5/14/1994,303190,84,360000,351500
5/21/1994,299324,84,357000,358000
5/28/1994,291797,84,348000,359000
6/4/1994,273849,79,345000,352500
6/11/1994,309033,92,338000,347000
6/18/1994,298198,89,336000,341750
6/25/1994,305863,90,341000,340000
7/2/1994,327262,98,334000,337250
7/9/1994,394428,116,341000,338000
7/16/1994,443698,124,359000,343750
7/23/1994,354495,103,345000,344750
7/30/1994,295979,89,332000,344250
8/6/1994,304363,90,338000,343500
8/13/1994,277614,83,335000,337500
8/20/1994,262131,79,331000,334000
8/27/1994,257299,76,341000,336250
9/3/1994,270561,80,339000,336500
9/10/1994,237526,72,331000,335500
9/17/1994,264553,81,326000,334250
9/24/1994,251191,77,325000,330250
10/1/1994,255588,77,330000,328000
10/8/1994,322522,95,341000,330500
10/15/1994,272742,81,335000,332750
10/22/1994,296646,90,330000,334000
10/29/1994,291557,88,331000,334250
11/5/1994,338561,103,328000,331000
11/12/1994,298030,91,329000,329500
11/19/1994,366719,113,326000,328500
11/26/1994,295729,90,329000,328000
12/3/1994,412824,128,324000,327000
12/10/1994,397238,121,329000,327000
12/17/1994,376210,114,330000,328000
12/24/1994,423387,135,314000,324250
12/31/1994,482735,151,319000,323000
1/7/1995,612648,181,338000,325250
1/14/1995,608872,176,347000,329500
1/21/1995,400772,123,325000,332250
1/28/1995,396457,123,324000,333500
2/4/1995,381813,118,324000,330000
2/11/1995,387408,111,348000,330250
2/18/1995,356237,104,343000,334750
2/25/1995,316927,94,336000,337750
3/4/1995,342015,101,339000,341500
3/11/1995,339580,98,347000,341250
3/18/1995,319218,93,343000,341250
3/25/1995,305471,92,332000,340250
4/1/1995,294031,88,335000,339250
4/8/1995,356914,103,347000,339250
4/15/1995,318030,90,355000,342250
4/22/1995,317072,91,349000,346500
4/29/1995,305594,84,365000,354000
5/6/1995,325398,89,364000,358250
5/13/1995,311646,85,366000,361000
5/20/1995,316305,84,377000,368000
5/27/1995,314442,84,374000,370250
6/3/1995,286566,79,362000,369750
6/10/1995,340606,93,367000,370000
6/17/1995,337812,89,378000,370250
6/24/1995,324411,91,358000,366250
7/1/1995,341207,96,355000,364500
7/8/1995,428632,115,372000,365750
7/15/1995,491891,126,389000,368500
7/22/1995,409319,105,390000,376500
7/29/1995,311708,89,351000,375500
8/5/1995,310703,89,351000,370250
8/12/1995,296712,84,353000,361250
8/19/1995,286017,79,362000,354250
8/26/1995,272182,76,359000,356250
9/2/1995,278703,79,355000,357250
9/9/1995,266145,72,371000,361750
9/16/1995,304323,81,376000,365250
9/23/1995,272431,77,353000,363750
9/30/1995,269067,76,355000,363750
10/7/1995,345311,92,374000,364500
10/14/1995,306465,83,369000,362750
10/21/1995,322856,88,366000,366000
10/28/1995,332061,88,377000,371500
11/4/1995,383687,101,380000,373000
11/11/1995,335181,91,370000,373250
11/18/1995,425889,112,379000,376500
11/25/1995,336269,89,379000,377000
12/2/1995,474548,127,373000,375250
12/9/1995,421109,122,346000,369250
12/16/1995,423450,114,373000,367750
12/23/1995,490349,131,374000,366500
12/30/1995,513686,143,359000,363000
1/6/1996,596010,165,361000,366750
1/13/1996,637910,192,333000,356750
1/20/1996,510820,123,415000,367000
1/27/1996,492966,127,387000,374000
2/3/1996,433693,116,374000,377250
2/10/1996,440961,114,387000,390750
2/17/1996,395332,103,383000,382750
2/24/1996,347053,95,365000,377250
3/2/1996,368044,100,368000,375750
3/9/1996,355818,99,361000,369250
3/16/1996,357070,93,384000,369500
3/23/1996,396731,93,426000,384750
3/30/1996,342023,87,393000,391000
4/6/1996,353032,96,369000,393000
4/13/1996,343654,96,357000,386250
4/20/1996,336033,91,368000,371750
4/27/1996,291957,85,343000,359250
5/4/1996,298195,88,338000,351500
5/11/1996,303532,86,352000,350250
5/18/1996,287891,84,345000,344500
5/25/1996,287622,84,343000,344500
6/1/1996,266116,78,340000,345000
6/8/1996,329099,94,351000,344750
6/15/1996,307141,90,342000,344000
6/22/1996,312226,92,341000,343500
6/29/1996,315615,94,337000,342750
7/6/1996,382989,112,342000,340500
7/13/1996,449510,130,347000,341750
7/20/1996,360385,109,332000,339500
7/27/1996,294762,90,327000,337000
8/3/1996,283216,87,326000,333000
8/10/1996,285795,86,331000,329000
8/17/1996,265742,79,336000,330000
8/24/1996,259677,77,337000,332500
8/31/1996,251425,77,329000,333250
9/7/1996,238893,72,333000,333750
9/14/1996,272464,81,338000,334250
9/21/1996,273232,78,352000,338000
9/28/1996,261251,75,348000,342750
10/5/1996,292029,87,335000,343250
10/12/1996,306521,92,334000,342250
10/19/1996,271934,81,335000,338000
10/26/1996,311965,89,352000,339000
11/2/1996,320827,96,334000,338750
11/9/1996,340240,104,327000,337000
11/16/1996,330730,97,342000,338750
11/23/1996,383512,111,347000,337500
11/30/1996,328186,99,332000,337000
12/7/1996,444305,125,355000,344000
12/14/1996,404436,115,352000,346500
12/21/1996,429566,123,350000,347250
12/28/1996,520650,146,357000,353500
1/4/1997,541210,156,347000,351500
1/11/1997,654473,202,324000,344500
1/18/1997,513913,149,345000,343250
1/25/1997,385310,113,340000,339000
2/1/1997,380099,114,333000,335500
2/8/1997,370766,118,315000,333250
2/15/1997,320374,102,313000,325250
2/22/1997,309202,96,322000,320750
3/1/1997,317339,99,321000,317750
3/8/1997,314787,99,317000,318250
3/15/1997,296698,93,319000,319750
3/22/1997,291463,93,315000,318000
3/29/1997,268823,83,325000,319000
4/5/1997,311186,96,325000,321000
4/12/1997,329663,100,330000,323750
4/19/1997,286593,91,316000,324000
4/26/1997,295166,88,337000,327000
5/3/1997,295629,86,342000,331250
5/10/1997,278052,88,318000,328250
5/17/1997,267251,83,322000,329750
5/24/1997,264697,84,316000,324500
5/31/1997,248167,77,321000,319250
6/7/1997,309928,94,329000,322000
6/14/1997,302577,90,335000,325250
6/21/1997,290720,92,316000,325250
6/28/1997,298299,93,322000,325500
7/5/1997,372574,108,346000,329750
7/12/1997,434598,132,328000,328000
7/19/1997,339250,113,301000,324250
7/26/1997,281794,92,306000,320250
8/2/1997,273471,86,320000,313750
8/9/1997,289083,88,329000,314000
8/16/1997,272910,80,343000,324500
8/23/1997,255236,78,327000,329750
8/30/1997,250205,75,332000,332750
9/6/1997,224948,72,313000,328750
9/13/1997,253456,81,314000,321500
9/20/1997,246061,78,317000,319000
9/27/1997,237214,75,317000,315250
10/4/1997,260705,84,311000,314750
10/11/1997,286436,94,305000,312500
10/18/1997,255634,80,318000,312750
10/25/1997,272593,89,306000,310000
11/1/1997,293086,94,313000,310500
11/8/1997,322842,105,308000,311250
11/15/1997,311499,96,325000,313000
11/22/1997,341845,111,309000,313750
11/29/1997,309788,97,318000,315000
12/6/1997,402699,127,317000,317250
12/13/1997,374107,116,323000,316750
12/20/1997,368823,119,310000,317000
12/27/1997,445345,147,303000,313250
1/3/1998,479854,154,312000,312000
1/10/1998,682016,206,331000,314000
1/17/1998,512837,151,341000,321750
1/24/1998,355092,116,307000,322750
1/31/1998,357976,114,315000,323500
2/7/1998,368113,118,311000,318500
2/14/1998,328354,102,321000,313500
2/21/1998,313367,96,327000,318500
2/28/1998,313480,99,317000,319000
3/7/1998,305542,99,308000,318250
3/14/1998,298302,94,319000,317750
3/21/1998,293692,92,321000,316250
3/28/1998,272808,88,312000,315000
4/4/1998,288484,92,312000,316000
4/11/1998,294014,97,304000,312250
4/18/1998,288059,91,317000,311250
4/25/1998,278220,89,311000,311000
5/2/1998,261089,86,304000,309000
5/9/1998,270108,88,306000,309500
5/16/1998,262107,83,315000,309000
5/23/1998,259125,84,309000,308500
5/30/1998,248550,77,322000,313000
6/6/1998,289495,95,306000,313000
6/13/1998,293195,91,321000,314500
6/20/1998,322017,92,349000,324500
6/27/1998,348842,93,376000,338000
7/4/1998,379734,105,362000,352000
7/11/1998,428977,134,320000,351750
7/18/1998,364767,116,315000,343250
7/25/1998,314782,94,335000,333000
8/1/1998,277621,85,327000,324250
8/8/1998,279621,88,316000,323250
8/15/1998,246823,80,308000,321500
8/22/1998,237999,79,302000,313250
8/29/1998,233516,75,310000,309000
9/5/1998,255938,82,313000,308250
9/12/1998,217454,72,304000,307250
9/19/1998,237609,78,305000,308000
9/26/1998,220668,75,294000,304000
10/3/1998,246284,82,302000,301250
10/10/1998,300862,95,316000,304250
10/17/1998,257172,81,318000,307500
10/24/1998,275574,89,309000,311250
10/31/1998,281932,92,308000,312750
11/7/1998,332611,105,316000,312750
11/14/1998,315504,95,334000,316750
11/21/1998,338501,111,304000,315500
11/28/1998,295041,95,310000,316000
12/5/1998,421605,130,326000,318500
12/12/1998,355872,117,305000,311250
12/19/1998,344452,116,297000,309500
12/26/1998,442200,132,336000,316000
1/2/1999,508983,154,331000,317250
1/9/1999,713805,207,345000,327250
1/16/1999,514082,152,339000,337750
1/23/1999,364737,117,311000,331500
1/30/1999,349733,115,305000,325000
2/6/1999,344947,119,291000,311500
2/13/1999,320679,103,312000,304750
2/20/1999,286130,95,302000,302500
2/27/1999,297918,99,301000,301500
3/6/1999,297325,99,300000,303750
3/13/1999,289813,94,308000,302750
3/20/1999,275453,90,305000,303500
3/27/1999,260817,88,298000,302750
4/3/1999,263516,85,310000,305250
4/10/1999,327621,103,319000,308000
4/17/1999,286018,91,314000,310250
4/24/1999,263835,91,291000,308500
5/1/1999,252190,85,296000,305000
5/8/1999,274268,89,310000,302750
5/15/1999,251063,84,301000,299500
5/22/1999,250360,84,298000,301250
5/29/1999,260517,86,303000,303000
6/5/1999,256922,85,303000,301250
6/12/1999,267582,92,290000,298500
6/19/1999,267825,92,292000,297000
6/26/1999,269755,93,291000,294000
7/3/1999,303758,106,287000,290000
7/10/1999,364078,126,288000,289500
7/17/1999,369123,119,309000,293750
7/24/1999,293348,96,306000,297500
7/31/1999,254195,85,300000,300750
8/7/1999,259805,88,295000,302500
8/14/1999,236658,81,292000,298250
8/21/1999,226061,79,286000,293250
8/28/1999,219278,76,290000,290750
9/4/1999,235849,81,290000,289500
9/11/1999,204302,73,281000,286750
9/18/1999,219070,78,281000,285500
9/25/1999,232486,76,306000,289500
10/2/1999,246445,80,309000,294250
10/9/1999,278925,96,291000,296750
10/16/1999,234580,82,287000,298250
10/23/1999,250864,90,280000,291750
10/30/1999,257767,90,285000,285750
11/6/1999,297136,105,282000,283500
11/13/1999,262607,94,281000,282000
11/20/1999,309248,112,276000,281000
11/27/1999,268255,93,288000,281750
12/4/1999,378735,132,287000,283000
12/11/1999,318175,117,272000,280750
12/18/1999,329649,115,287000,283500
12/25/1999,377695,141,268000,278500
1/1/2000,439912,154,286000,278250
1/8/2000,606897,204,298000,284750
1/15/2000,442494,153,289000,285250
1/22/2000,328841,116,284000,289250
1/29/2000,332740,117,285000,289000
2/5/2000,365245,117,312000,292500
2/12/2000,311897,104,300000,295250
2/19/2000,281256,99,283000,295000
2/26/2000,258962,92,280000,293750
3/4/2000,283024,99,286000,287250
3/11/2000,255109,95,270000,279750
3/18/2000,242139,90,271000,276750
3/25/2000,239835,88,272000,274750
4/1/2000,229520,86,266000,269750
4/8/2000,274130,102,268000,269250
4/15/2000,237218,92,259000,266250
4/22/2000,240266,88,274000,266750
4/29/2000,249458,86,291000,273000
5/6/2000,259546,89,293000,279250
5/13/2000,231706,84,276000,283500
5/20/2000,234599,84,280000,285000
5/27/2000,239836,86,280000,282250
6/3/2000,242991,84,290000,281500
6/10/2000,267752,94,284000,283500
6/17/2000,265617,90,294000,287000
6/24/2000,273344,92,296000,291000
7/1/2000,280979,100,281000,288750
7/8/2000,363793,124,293000,291000
7/15/2000,377982,125,303000,293250
7/22/2000,296255,99,300000,294250
7/29/2000,253466,85,298000,298500
8/5/2000,266151,87,306000,301750
8/12/2000,261358,83,315000,304750
8/19/2000,251844,79,318000,309250
8/26/2000,239030,77,312000,312750
9/2/2000,242375,80,301000,311500
9/9/2000,229954,74,309000,310000
9/16/2000,245991,79,311000,308250
9/23/2000,222219,77,288000,302250
9/30/2000,227249,78,292000,300000
10/7/2000,292784,95,309000,300000
10/14/2000,255082,85,299000,297000
10/21/2000,263445,89,295000,298750
10/28/2000,269489,90,301000,301000
11/4/2000,342414,103,331000,306500
11/11/2000,294727,93,318000,311250
11/18/2000,374160,113,332000,320500
11/25/2000,321859,90,356000,334250
12/2/2000,447262,133,338000,336000
12/9/2000,390088,121,321000,336750
12/16/2000,402476,114,354000,342250
12/23/2000,481720,133,364000,344250
12/30/2000,568973,161,353000,348000
1/6/2001,558768,166,337000,352000
1/13/2001,599562,188,318000,343000
1/20/2001,398188,116,343000,337750
1/27/2001,447386,124,362000,340000
2/3/2001,424696,113,376000,349750
2/10/2001,396151,108,365000,361500
2/17/2001,345841,97,358000,365250
2/24/2001,357591,93,386000,371250
3/3/2001,379286,99,384000,373250
3/10/2001,377210,96,393000,380250
3/17/2001,351497,90,393000,389000
3/24/2001,334747,89,378000,387000
3/31/2001,328576,85,388000,388000
4/7/2001,397282,100,398000,389250
4/14/2001,346981,91,383000,386750
4/21/2001,369745,92,400000,392250
4/28/2001,353831,87,406000,396750
5/5/2001,336319,88,381000,392500
5/12/2001,331765,85,390000,394250
5/19/2001,338374,84,402000,394750
5/26/2001,346231,85,405000,394500
6/2/2001,335765,83,406000,400750
6/9/2001,397015,97,411000,406000
6/16/2001,354526,90,394000,404000
6/23/2001,351770,92,381000,398000
6/30/2001,375885,95,394000,395000
7/7/2001,526826,131,401000,392500
7/14/2001,524139,129,405000,395250
7/21/2001,406038,102,398000,399500
7/28/2001,332957,86,388000,398000
8/4/2001,341660,85,401000,398000
8/11/2001,333042,85,394000,395250
8/18/2001,317046,79,402000,396250
8/25/2001,307850,78,395000,398000
9/1/2001,319016,79,402000,398250
9/8/2001,309567,76,408000,401750
9/15/2001,317245,80,395000,400000
9/22/2001,353611,78,453000,414500
9/29/2001,400400,78,517000,443250
10/6/2001,441754,93,476000,460250
10/13/2001,426881,89,482000,482000
10/20/2001,429542,89,482000,489250
10/27/2001,436901,90,483000,480750
11/3/2001,443971,101,440000,471750
11/10/2001,456366,107,428000,458250
11/17/2001,420259,97,431000,445500
11/24/2001,438893,89,491000,447500
12/1/2001,605916,130,465000,453750
12/8/2001,491836,125,393000,445000
12/15/2001,440906,113,389000,434500
12/22/2001,529570,127,416000,415750
12/29/2001,647045,154,421000,404750
1/5/2002,637343,160,397000,405750
1/12/2002,799246,191,418000,413000
1/19/2002,558297,138,405000,410250
1/26/2002,431690,104,414000,408500
2/2/2002,445552,110,404000,410250
2/9/2002,438611,110,397000,405000
2/16/2002,376573,95,397000,403000
2/23/2002,367504,92,398000,399000
3/2/2002,385272,98,392000,396000
3/9/2002,386992,97,399000,396500
3/16/2002,352045,90,392000,395250
3/23/2002,366372,88,415000,399500
3/30/2002,386296,81,479000,421250
4/6/2002,432384,97,445000,432750
4/13/2002,428834,97,442000,445250
4/20/2002,385151,93,416000,445500
4/27/2002,367350,89,414000,429250
5/4/2002,362681,89,409000,420250
5/11/2002,358286,87,413000,413000
5/18/2002,348887,85,411000,411750
5/25/2002,346439,86,403000,409000
6/1/2002,309183,82,378000,401250
6/8/2002,378613,98,388000,395000
6/15/2002,356096,90,396000,391250
6/22/2002,358959,93,388000,387500
6/29/2002,358658,93,386000,389500
7/6/2002,456716,117,391000,390250
7/13/2002,506718,132,384000,387250
7/20/2002,394586,104,379000,385000
7/27/2002,338441,87,390000,386000
8/3/2002,326356,84,388000,385250
8/10/2002,332673,86,389000,386500
8/17/2002,313869,79,399000,391500
8/24/2002,314852,79,398000,393500
8/31/2002,310864,79,394000,395000
9/7/2002,318361,77,416000,401750
9/14/2002,337577,82,412000,405000
9/21/2002,317264,79,401000,405750
9/28/2002,319063,78,409000,409500
10/5/2002,365613,91,404000,406500
10/12/2002,385689,95,405000,404750
10/19/2002,349927,85,412000,407500
10/26/2002,375591,92,409000,407500
11/2/2002,397346,98,405000,407750
11/9/2002,427078,107,400000,406500
11/16/2002,372829,96,389000,400750
11/23/2002,436549,112,390000,396000
11/30/2002,385788,102,377000,389000
12/7/2002,547430,129,425000,395250
12/14/2002,486258,113,429000,405250
12/21/2002,483449,123,394000,406250
12/28/2002,620929,152,409000,414250
1/4/2003,620004,158,393000,406250
1/11/2003,724111,192,378000,393500
1/18/2003,542563,135,402000,395500
1/25/2003,434888,107,407000,395000
2/1/2003,449286,109,413000,400000
2/8/2003,439520,113,390000,403000
2/15/2003,398291,95,420000,407500
2/22/2003,387536,92,421000,411000
3/1/2003,429782,99,436000,416750
3/8/2003,414568,98,424000,425250
3/15/2003,389909,91,430000,427750
3/22/2003,361492,88,411000,425250
3/29/2003,371692,85,436000,425250
4/5/2003,394160,95,417000,423500
4/12/2003,434911,100,434000,424500
4/19/2003,399180,89,450000,434250
4/26/2003,401342,90,444000,436250
5/3/2003,377383,88,428000,439000
5/10/2003,364287,87,417000,434750
5/17/2003,362276,85,425000,428500
5/24/2003,359500,86,419000,422250
5/31/2003,351890,82,431000,423000
6/7/2003,421190,98,429000,426000
6/14/2003,383371,91,421000,425000
6/21/2003,376560,92,408000,422250
6/28/2003,394214,92,429000,421750
7/5/2003,483401,112,433000,422750
7/12/2003,552621,134,412000,420500
7/19/2003,429381,107,403000,419250
7/26/2003,348382,88,398000,411500
8/2/2003,333770,83,401000,403500
8/9/2003,348207,86,404000,401500
8/16/2003,312087,79,398000,400250
8/23/2003,313058,80,391000,398500
8/30/2003,319362,79,407000,400000
9/6/2003,322501,77,422000,404500
9/13/2003,328414,83,394000,403500
9/20/2003,301217,80,379000,400500
9/27/2003,304968,79,387000,395500
10/4/2003,337880,88,386000,386500
10/11/2003,368876,98,376000,382000
10/18/2003,328572,85,387000,384000
10/25/2003,352117,93,379000,382000
11/1/2003,345573,95,363000,376250
11/8/2003,397387,107,371000,375000
11/15/2003,347719,94,370000,370750
11/22/2003,397990,113,354000,364500
11/29/2003,357811,100,357000,363000
12/6/2003,486202,132,367000,362000
12/13/2003,412627,114,363000,360250
12/20/2003,424192,120,354000,360250
12/27/2003,516493,148,349000,358250
1/3/2004,552815,155,356000,355500
1/10/2004,677897,192,354000,353250
1/17/2004,490763,136,362000,355250
1/24/2004,382262,108,353000,356250
1/31/2004,406298,108,376000,361250
2/7/2004,433234,114,380000,367750
2/14/2004,341634,96,356000,366250
2/21/2004,328171,91,359000,367750
2/28/2004,342140,98,348000,360750
3/6/2004,339007,99,344000,351750
3/13/2004,312067,92,338000,347250
3/20/2004,304462,88,346000,344000
3/27/2004,296776,87,340000,342000
4/3/2004,304249,91,335000,339750
4/10/2004,350739,99,355000,344000
4/17/2004,334965,92,364000,348500
4/24/2004,313686,92,339000,348250
5/1/2004,283236,87,324000,345500
5/8/2004,292754,89,329000,339000
5/15/2004,297061,85,349000,335250
5/22/2004,293974,86,342000,336000
5/29/2004,304067,90,337000,339250
6/5/2004,308229,87,355000,345750
6/12/2004,313930,93,339000,343250
6/19/2004,322481,91,354000,346250
6/26/2004,318746,92,348000,349000
7/3/2004,349920,107,326000,341750
7/10/2004,444531,129,345000,343250
7/17/2004,394372,111,355000,343500
7/24/2004,313225,90,348000,343500
7/31/2004,282128,83,341000,347250
8/7/2004,291611,87,336000,345000
8/14/2004,262936,79,332000,339250
8/21/2004,274433,80,343000,338000
8/28/2004,276308,79,352000,340750
9/4/2004,274930,84,326000,338250
9/11/2004,250568,76,331000,338000
9/18/2004,275846,81,341000,337500
9/25/2004,282729,81,351000,337250
10/2/2004,279591,84,335000,339500
10/9/2004,338711,100,338000,341250
10/16/2004,279846,86,327000,337750
10/23/2004,317573,94,338000,334500
10/30/2004,305546,92,332000,333750
11/6/2004,351404,106,330000,331750
11/13/2004,311901,93,337000,334250
11/20/2004,355954,114,313000,328000
11/27/2004,320690,96,335000,328750
12/4/2004,473570,138,343000,332000
12/11/2004,370604,117,316000,326750
12/18/2004,374749,117,322000,329000
12/25/2004,446699,140,320000,325250
1/1/2005,540927,152,356000,328500
1/8/2005,693776,188,369000,341750
1/15/2005,467862,141,332000,344250
1/22/2005,360583,110,329000,346500
1/29/2005,364704,110,331000,340250
2/5/2005,347391,113,307000,324750
2/12/2005,309290,100,308000,318750
2/19/2005,303814,96,318000,316000
2/26/2005,290776,93,314000,311750
3/5/2005,332067,100,333000,318250
3/12/2005,307061,95,324000,322250
3/19/2005,290719,88,329000,325000
3/26/2005,291378,85,342000,332000
4/2/2005,294994,88,335000,332500
4/9/2005,339709,105,323000,332250
4/16/2005,285657,93,307000,326750
4/23/2005,299891,95,317000,320500
4/30/2005,290824,87,334000,320250
5/7/2005,297347,91,327000,321250
5/14/2005,275524,86,321000,324750
5/21/2005,276761,87,320000,325500
5/28/2005,304306,90,340000,327000
6/4/2005,289914,86,338000,329750
6/11/2005,315938,95,333000,332750
6/18/2005,289831,90,321000,333000
6/25/2005,286681,92,311000,325750
7/2/2005,327268,100,327000,323000
7/9/2005,427323,126,338000,324250
7/16/2005,374665,116,323000,324750
7/23/2005,295026,93,318000,326500
7/30/2005,261906,83,316000,323750
8/6/2005,269746,87,311000,317000
8/13/2005,257151,81,319000,316000
8/20/2005,252016,80,315000,315250
8/27/2005,251642,79,318000,315750
9/3/2005,271613,83,326000,319500
9/10/2005,322387,76,422000,345250
9/17/2005,346204,82,424000,372500
9/24/2005,292435,82,359000,382750
10/1/2005,313847,82,384000,397250
10/8/2005,380093,99,383000,387500
10/15/2005,303158,87,348000,368500
10/22/2005,304733,94,324000,359750
10/29/2005,294376,91,322000,344250
11/5/2005,340491,105,325000,329750
11/12/2005,283564,92,309000,320000
11/19/2005,368859,114,324000,320000
11/26/2005,290730,94,311000,317250
12/3/2005,444600,139,321000,316250
12/10/2005,391961,120,327000,320750
12/17/2005,359108,115,312000,317750
12/24/2005,433397,136,320000,320000
12/31/2005,475889,158,302000,315250
1/7/2006,555114,170,326000,315000
1/14/2006,439873,155,285000,308250
1/21/2006,317926,110,290000,300750
1/28/2006,318805,113,282000,295750
2/4/2006,321527,111,289000,286500
2/11/2006,310078,104,298000,289750
2/18/2006,269571,95,283000,288000
2/25/2006,272478,93,293000,290750
3/4/2006,301867,100,302000,294000
3/11/2006,294764,96,307000,296250
3/18/2006,269237,89,303000,301250
3/25/2006,265370,90,295000,301750
4/1/2006,253985,87,291000,299000
4/8/2006,314696,105,299000,297000
4/15/2006,268472,90,299000,296000
4/22/2006,291349,95,308000,299250
4/29/2006,279715,87,321000,306750
5/6/2006,317239,92,347000,318750
5/13/2006,288972,86,335000,327750
5/20/2006,277168,87,319000,330500
5/27/2006,292714,89,330000,332750
6/3/2006,260263,85,307000,322750
6/10/2006,285892,96,298000,313500
6/17/2006,277441,90,308000,310750
6/24/2006,287503,93,309000,305500
7/1/2006,304638,97,316000,307750
7/8/2006,418363,122,343000,319000
7/15/2006,377115,119,318000,321500
7/22/2006,288875,95,306000,320750
7/29/2006,259974,84,311000,319500
8/5/2006,275430,87,318000,313250
8/12/2006,256259,83,310000,311250
8/19/2006,252357,80,315000,313500
8/26/2006,251275,80,314000,314250
9/2/2006,259539,82,315000,313500
9/9/2006,240231,76,314000,314500
9/16/2006,267036,83,324000,316750
9/23/2006,261396,82,319000,318000
9/30/2006,249288,81,309000,316500
10/7/2006,307646,97,316000,317000
10/14/2006,271863,89,305000,312250
10/21/2006,291372,93,313000,310750
10/28/2006,301079,92,328000,315500
11/4/2006,326711,102,319000,316250
11/11/2006,286151,92,311000,317750
11/18/2006,367690,113,326000,321000
11/25/2006,323509,93,349000,326250
12/2/2006,448898,137,327000,328250
12/9/2006,384123,124,311000,328250
12/16/2006,361672,114,318000,326250
12/23/2006,425357,132,323000,319750
12/30/2006,499979,147,341000,323250
1/6/2007,506059,153,330000,328000
1/13/2007,506709,171,296000,322500
1/20/2007,367583,110,335000,325500
1/27/2007,359959,117,308000,317250
2/3/2007,339018,109,310000,312250
2/10/2007,363018,108,338000,322750
2/17/2007,305945,95,321000,319250
2/24/2007,299000,93,322000,322750
3/3/2007,320194,100,320000,325250
3/10/2007,298927,97,308000,317750
3/17/2007,277187,90,309000,314750
3/24/2007,273432,90,303000,310000
3/31/2007,268218,87,307000,306750
4/7/2007,328266,99,332000,312750
4/14/2007,317917,97,327000,317250
4/21/2007,303984,95,321000,321750
4/28/2007,267672,89,301000,320250
5/5/2007,274801,92,300000,312250
5/12/2007,258516,87,297000,304750
5/19/2007,270446,87,310000,302000
5/26/2007,273397,88,310000,304250
6/2/2007,263527,84,313000,307500
6/9/2007,302368,97,313000,311500
6/16/2007,290951,91,320000,314000
6/23/2007,292583,94,313000,314750
6/30/2007,300348,95,317000,315750
7/7/2007,417554,130,321000,317750
7/14/2007,383839,121,317000,317000
7/21/2007,298366,96,310000,316250
7/28/2007,257426,84,305000,313250
8/4/2007,270563,86,314000,311500
8/11/2007,266420,84,316000,311250
8/18/2007,257573,80,321000,314000
8/25/2007,266179,81,329000,320000
9/1/2007,257454,82,314000,320000
9/8/2007,245526,77,321000,321250
9/15/2007,261971,84,313000,319250
9/22/2007,247643,82,302000,312500
9/29/2007,255431,81,317000,313250
10/6/2007,298317,94,316000,312000
10/13/2007,306519,91,335000,317500
10/20/2007,307675,92,334000,325500
10/27/2007,303357,92,328000,328250
11/3/2007,325831,100,327000,331000
11/10/2007,351760,106,333000,330500
11/17/2007,323124,97,332000,330000
11/24/2007,324047,92,352000,336000
12/1/2007,462902,135,344000,340250
12/8/2007,423130,127,332000,340000
12/15/2007,393042,112,350000,344500
12/22/2007,456280,129,355000,345250
12/29/2007,507908,141,360000,349250
1/5/2008,522700,151,346000,352750
1/12/2008,547943,170,322000,345750
1/19/2008,415397,129,321000,337250
1/26/2008,369498,101,366000,338750
2/2/2008,380234,109,350000,339750
2/9/2008,377595,110,344000,345250
2/16/2008,325886,96,339000,349750
2/23/2008,330013,93,354000,346750
3/1/2008,345287,100,345000,345500
3/8/2008,341364,98,348000,346500
3/15/2008,335909,91,369000,354000
3/22/2008,316208,86,368000,357500
3/29/2008,342189,88,387000,368000
4/5/2008,357209,101,354000,369500
4/12/2008,370960,102,365000,368500
4/19/2008,328334,94,349000,363750
4/26/2008,337854,91,370000,359500
5/3/2008,335533,91,370000,363500
5/10/2008,325479,89,366000,363750
5/17/2008,319817,87,367000,368250
5/24/2008,326627,88,369000,368000
5/31/2008,300989,83,362000,366000
6/7/2008,373033,98,382000,370000
6/14/2008,349254,92,378000,372750
6/21/2008,358158,94,381000,375750
6/28/2008,368544,94,392000,383250
7/5/2008,401672,108,371000,380500
7/12/2008,476071,124,385000,382250
7/19/2008,403607,100,402000,387500
7/26/2008,374182,86,434000,398000
8/2/2008,381887,85,448000,417250
8/9/2008,372807,87,430000,428500
8/16/2008,342164,81,424000,434000
8/23/2008,344255,82,421000,430750
8/30/2008,360485,82,442000,429250
9/6/2008,336131,76,441000,432000
9/13/2008,381720,85,449000,438250
9/20/2008,397610,82,483000,453750
9/27/2008,392121,81,483000,464000
10/4/2008,426786,89,482000,474250
10/11/2008,454100,99,461000,477250
10/18/2008,416114,87,478000,476000
10/25/2008,449429,94,480000,475250
11/1/2008,466373,95,490000,477250
11/8/2008,539812,106,512000,490000
11/15/2008,513047,96,536000,504500
11/22/2008,609128,114,532000,517500
11/29/2008,537230,102,529000,527250
12/6/2008,760481,133,570000,541750
12/13/2008,629867,111,566000,549250
12/20/2008,719691,123,587000,563000
12/27/2008,717000,135,533000,564000
1/3/2009,731958,146,503000,547250
1/10/2009,956791,174,551000,543500
1/17/2009,763987,129,591000,544500
1/24/2009,620143,106,586000,557750
1/31/2009,682176,109,629000,589250
2/7/2009,710152,111,637000,610750
2/14/2009,619951,98,632000,621000
2/21/2009,605668,93,655000,638250
2/28/2009,645827,99,652000,644000
3/7/2009,652635,99,660000,649750
3/14/2009,601192,92,651000,654500
3/21/2009,590067,89,661000,656000
3/28/2009,599299,90,665000,659250
4/4/2009,623279,96,653000,657500
4/11/2009,610522,102,599000,644500
4/18/2009,596564,93,639000,639000
4/25/2009,583457,94,620000,627750
5/2/2009,536648,89,602000,615000
5/9/2009,570412,91,625000,621500
5/16/2009,540925,87,620000,616750
5/23/2009,538311,89,606000,613250
5/30/2009,500380,82,607000,614500
6/6/2009,581092,98,596000,607250
6/13/2009,562449,95,595000,601000
6/20/2009,572425,94,608000,601500
6/27/2009,563387,95,594000,598250
7/4/2009,585963,102,573000,592500
7/11/2009,677038,124,546000,580250
7/18/2009,590730,106,560000,568250
7/25/2009,516351,88,587000,566500
8/1/2009,470988,85,555000,562000
8/8/2009,486586,88,555000,564250
8/15/2009,461780,82,562000,564750
8/22/2009,460998,82,560000,558000
8/29/2009,460525,82,564000,560250
9/5/2009,470079,84,558000,561000
9/12/2009,414557,77,542000,556000
9/19/2009,441311,82,536000,550000
9/26/2009,449620,81,554000,547500
10/3/2009,456233,86,533000,541250
10/10/2009,513852,101,511000,533500
10/17/2009,464985,88,531000,532250
10/24/2009,499374,94,530000,526250
10/31/2009,487714,94,522000,523500
11/7/2009,537230,105,512000,523750
11/14/2009,479350,95,507000,517750
11/21/2009,547022,113,482000,505750
11/28/2009,462090,97,475000,494000
12/5/2009,673097,136,497000,490250
12/12/2009,561655,113,498000,488000
12/19/2009,571378,119,479000,487250
12/26/2009,561852,120,468000,485500
1/2/2010,651215,143,456000,475250
1/9/2010,825891,176,469000,468000
1/16/2010,659173,130,507000,475000
1/23/2010,507651,108,471000,475750
1/30/2010,538617,109,496000,485750
2/6/2010,512463,110,466000,485000
2/13/2010,482078,99,489000,480500
2/20/2010,458160,92,500000,487750
2/27/2010,474662,97,488000,485750
3/6/2010,462679,98,472000,487250
3/13/2010,439061,92,478000,484500
3/20/2010,413067,88,472000,477500
3/27/2010,412710,90,459000,470250
4/3/2010,421130,88,479000,472000
4/10/2010,514136,107,479000,472250
4/17/2010,436814,93,469000,471500
4/24/2010,429196,96,449000,469000
5/1/2010,399350,89,451000,462000
5/8/2010,414327,92,451000,455000
5/15/2010,414572,87,474000,456250
5/22/2010,410778,89,463000,459750
5/29/2010,418873,92,458000,461500
6/5/2010,398864,87,459000,463500
6/12/2010,448305,96,467000,461750
6/19/2010,427080,94,452000,459000
6/26/2010,444712,96,464000,460500
7/3/2010,470366,104,454000,459250
7/10/2010,515991,118,439000,452250
7/17/2010,502065,109,462000,454750
7/24/2010,413679,89,465000,455000
7/31/2010,402140,84,476000,460500
8/7/2010,425471,88,483000,471500
8/14/2010,405484,83,486000,477500
8/21/2010,384955,83,464000,477250
8/28/2010,383135,82,467000,475000
9/4/2010,381863,84,452000,467250
9/11/2010,341791,77,444000,456750
9/18/2010,382341,83,459000,455500
9/25/2010,372551,81,459000,453500
10/2/2010,373681,84,446000,452000
10/9/2010,462667,101,459000,455750
10/16/2010,394016,89,444000,452000
10/23/2010,408489,95,432000,445250
10/30/2010,421097,93,453000,447000
11/6/2010,452657,104,434000,440750
11/13/2010,409548,95,432000,437750
11/20/2010,464817,114,407000,431500
11/27/2010,412922,96,432000,426250
12/4/2010,585711,137,428000,424750
12/11/2010,491776,116,425000,423000
12/18/2010,495548,117,424000,427250
12/25/2010,525710,130,404000,420250
1/1/2011,578904,140,413000,416500
1/8/2011,773499,178,434000,418750
1/15/2011,549688,131,421000,418000
1/22/2011,485950,109,446000,428500
1/29/2011,464775,111,420000,430250
2/5/2011,440706,110,402000,422250
2/12/2011,424400,100,425000,423250
2/19/2011,380985,97,394000,410250
2/26/2011,353797,92,385000,401500
3/5/2011,407299,98,414000,404500
3/12/2011,371721,92,404000,399250
3/19/2011,354457,87,407000,402500
3/26/2011,357457,90,399000,406000
4/2/2011,353817,90,395000,401250
4/9/2011,448029,108,416000,404250
4/16/2011,381834,95,402000,403000
4/23/2011,387867,92,422000,408750
4/30/2011,415974,89,468000,427000
5/7/2011,397737,91,435000,431750
5/14/2011,361573,87,414000,434750
5/21/2011,376632,89,423000,435000
5/28/2011,381497,91,418000,422500
6/4/2011,366816,87,423000,419500
6/11/2011,400608,97,413000,419250
6/18/2011,394286,95,416000,417500
6/25/2011,406633,97,421000,418250
7/2/2011,425640,102,418000,417000
7/9/2011,473963,116,408000,415750
7/16/2011,470086,112,420000,416750
7/23/2011,369207,90,411000,414250
7/30/2011,341103,84,406000,411250
8/6/2011,354408,88,405000,410500
8/13/2011,346014,85,409000,407750
8/20/2011,344870,83,415000,408750
8/27/2011,336761,82,409000,409500
9/3/2011,348582,84,414000,411750
9/10/2011,328868,77,429000,416750
9/17/2011,353820,84,422000,418500
9/24/2011,328073,81,406000,417750
10/1/2011,332394,82,405000,415500
10/8/2011,405906,99,410000,410750
10/15/2011,357562,91,395000,404000
10/22/2011,377156,94,403000,403250
10/29/2011,369647,93,399000,401750
11/5/2011,402532,103,392000,397250
11/12/2011,363016,95,383000,394250
11/19/2011,440157,114,385000,389750
11/26/2011,372640,94,397000,389250
12/3/2011,528793,137,387000,388000
12/10/2011,435863,119,368000,384250
12/17/2011,421103,114,368000,380000
12/24/2011,497689,129,386000,377250
12/31/2011,540057,144,376000,374500
1/7/2012,646219,165,391000,398750
1/14/2012,525422,143,367000,384500
1/21/2012,416880,109,381000,378750
1/28/2012,422287,114,372000,377750
2/4/2012,401365,109,368000,372000
2/11/2012,365014,101,361000,370500
2/18/2012,346659,97,359000,365000
2/25/2012,334242,92,365000,363250
3/3/2012,368433,98,375000,365000
3/10/2012,340102,92,369000,367000
3/17/2012,319498,87,368000,369250
3/24/2012,323373,89,363000,368750
3/31/2012,315800,88,358000,364500
4/7/2012,390064,101,387000,369000
4/14/2012,370482,97,381000,372250
4/21/2012,370632,96,387000,378250
4/28/2012,333476,90,372000,381750
5/5/2012,341080,91,373000,378250
5/12/2012,325094,88,369000,375250
5/19/2012,330427,89,371000,371250
5/26/2012,346260,91,381000,373500
6/2/2012,324385,86,377000,374500
6/9/2012,376610,98,383000,378000
6/16/2012,364548,95,384000,381250
6/23/2012,370521,97,380000,381000
6/30/2012,369826,100,372000,379750
7/7/2012,442192,123,360000,374000
7/14/2012,455260,117,390000,375500
7/21/2012,340780,93,368000,372500
7/28/2012,312931,84,372000,372500
8/4/2012,320219,86,371000,375250
8/11/2012,317680,86,369000,370000
8/18/2012,311857,83,376000,372000
8/25/2012,312542,83,377000,373250
9/1/2012,309537,83,371000,373250
9/8/2012,299729,76,393000,379250
9/15/2012,330454,84,392000,383250
9/22/2012,303685,81,377000,383250
9/29/2012,301046,80,376000,384500
10/6/2012,329925,94,350000,373750
10/13/2012,362730,94,386000,372250
10/20/2012,345227,92,374000,371500
10/27/2012,339924,94,364000,368500
11/3/2012,361823,99,365000,372250
11/10/2012,478551,107,446000,387250
11/17/2012,403636,99,406000,395250
11/24/2012,358865,92,388000,401250
12/1/2012,500163,133,375000,403750
12/8/2012,429191,126,340000,377250
12/15/2012,401431,113,356000,364750
12/22/2012,457584,126,362000,358250
12/29/2012,490126,136,362000,355000
1/5/2013,557424,153,363000,369750
1/12/2013,558047,162,344000,363750
1/19/2013,437360,129,339000,352000
1/26/2013,369567,101,366000,353000
2/2/2013,388708,108,361000,352500
2/9/2013,361759,104,347000,353250
2/16/2013,351087,97,362000,359000
2/23/2013,310512,91,342000,353000
3/2/2013,335794,99,340000,347750
3/9/2013,317661,93,343000,346750
3/16/2013,301471,88,343000,342000
3/23/2013,316133,88,358000,346000
3/30/2013,317494,85,375000,354750
4/6/2013,356935,100,359000,358750
4/13/2013,359415,101,356000,362000
4/20/2013,326264,95,343000,358250
4/27/2013,301622,91,331000,347250
5/4/2013,301602,90,335000,341250
5/11/2013,320253,89,360000,342250
5/18/2013,303357,88,343000,342250
5/25/2013,319508,90,353000,347750
6/1/2013,294608,85,346000,350500
6/8/2013,332964,99,337000,344750
6/15/2013,336970,95,353000,347250
6/22/2013,336901,97,347000,345750
6/29/2013,335424,99,340000,344250
7/6/2013,383811,109,351000,347750
7/13/2013,410974,119,344000,345500
7/20/2013,340457,96,355000,347500
7/27/2013,281692,84,334000,346000
8/3/2013,288861,85,339000,343000
8/10/2013,282756,87,327000,338750
8/17/2013,281164,83,340000,335000
8/24/2013,279803,83,336000,335500
8/31/2013,269359,83,325000,332000
9/7/2013,229648,77,300000,325250
9/14/2013,272946,85,323000,321000
9/21/2013,255087,81,314000,315500
9/28/2013,252196,79,319000,314000
10/5/2013,335937,91,368000,331000
10/12/2013,360957,98,368000,342250
10/19/2013,312037,89,351000,351500
10/26/2013,325326,94,347000,358500
11/2/2013,331867,97,342000,352000
11/9/2013,364167,107,340000,345000
11/16/2013,327053,99,331000,340000
11/23/2013,369197,117,316000,332250
11/30/2013,321896,103,312000,324750
12/7/2013,463413,131,354000,328250
12/14/2013,414613,114,364000,336500
12/21/2013,418272,125,334000,341000
12/28/2013,452664,136,332000,346000
1/4/2014,488537,152,322000,338000
1/11/2014,534966,168,318000,326500
1/18/2014,416116,127,327000,324750
1/25/2014,357806,105,340000,326750
2/1/2014,357742,108,331000,329000
2/8/2014,360338,107,337000,333750
2/15/2014,322761,97,332000,335000
2/22/2014,312665,92,341000,335250
3/1/2014,317832,100,319000,332250
3/8/2014,302311,94,322000,328500
3/15/2014,285970,89,321000,325750
3/22/2014,274072,88,313000,318750
3/29/2014,294862,89,330000,321500
4/5/2014,299162,96,311000,318750
4/12/2014,318793,104,308000,315500
4/19/2014,299182,91,327000,319000
4/26/2014,318127,92,345000,322750
5/3/2014,288748,89,325000,326250
5/10/2014,270738,90,303000,325000
5/17/2014,287398,89,324000,324250
5/24/2014,275412,90,305000,314250
5/31/2014,264133,85,312000,311000
6/7/2014,313371,99,317000,314500
6/14/2014,301195,96,314000,312000
6/21/2014,305029,97,315000,314500
6/28/2014,305791,99,308000,313500
7/5/2014,322753,107,302000,309750
7/12/2014,370559,120,308000,308250
7/19/2014,287049,98,294000,303000
7/26/2014,257625,85,303000,301750
8/2/2014,247877,84,295000,300000
8/9/2014,269468,87,309000,300250
8/16/2014,249463,82,303000,302500
8/23/2014,249006,83,300000,301750
8/30/2014,249780,83,303000,303750
9/6/2014,234755,77,307000,303250
9/13/2014,242318,84,288000,299500
9/20/2014,239780,81,295000,298250
9/27/2014,227571,79,290000,295000
10/4/2014,257545,88,293000,291500
10/11/2014,273756,98,281000,289750
10/18/2014,256166,88,290000,288500
10/25/2014,271331,93,291000,288750
11/1/2014,266921,95,280000,285500
11/8/2014,309338,106,291000,288000
11/15/2014,286115,98,293000,288750
11/22/2014,357202,118,303000,291750
11/29/2014,294389,101,291000,294500
12/6/2014,389284,134,291000,294500
12/13/2014,327827,115,286000,292750
12/20/2014,340827,124,276000,286000
12/27/2014,389757,137,285000,284500
1/3/2015,439342,150,294000,285250
1/10/2015,529685,174,304000,289750
1/17/2015,383538,129,298000,295250
1/24/2015,281885,108,261000,289250
1/31/2015,306643,109,281000,286000
2/7/2015,324158,109,298000,284500
2/14/2015,277904,97,285000,281250
2/21/2015,280639,92,305000,292250
2/28/2015,315566,100,317000,301250
3/7/2015,277925,95,293000,300000
3/14/2015,260242,90,290000,301250
3/21/2015,248032,87,284000,296000
3/28/2015,239748,89,269000,284000
4/4/2015,253533,90,282000,281250
4/11/2015,308173,103,298000,283250
4/18/2015,279797,95,295000,286000
4/25/2015,250780,93,269000,286000
5/2/2015,236421,89,267000,282250
5/9/2015,242882,90,271000,275500
5/16/2015,243612,88,276000,270750
5/23/2015,253454,90,281000,273750
5/30/2015,230676,84,275000,275750
6/6/2015,275619,99,278000,277500
6/13/2015,258764,96,269000,275750
6/20/2015,263199,96,273000,273750
6/27/2015,274646,100,275000,273750
7/4/2015,303585,104,292000,277250
7/11/2015,344471,121,285000,281250
7/18/2015,262949,99,265000,279250
7/25/2015,230314,86,269000,277750
8/1/2015,224104,83,270000,272250
8/8/2015,239326,87,274000,269500
8/15/2015,229251,82,279000,273000
8/22/2015,226649,83,274000,274250
8/29/2015,230079,82,279000,276500
9/5/2015,232507,85,273000,276250
9/12/2015,198903,75,264000,272500
9/19/2015,219342,82,269000,271250
9/26/2015,215116,79,272000,269500
10/3/2015,227176,85,267000,268000
10/10/2015,256522,97,265000,268250
10/17/2015,232860,88,264000,267000
10/24/2015,245365,93,264000,265000
10/31/2015,258440,94,275000,267000
11/7/2015,291098,106,276000,269750
11/14/2015,264816,97,272000,271750
11/21/2015,305424,117,261000,271000
11/28/2015,262628,99,265000,268500
12/5/2015,384491,137,280000,269500
12/12/2015,313276,117,268000,268500
12/19/2015,319641,123,260000,268250
12/26/2015,346542,126,276000,271000
1/2/2016,405368,148,273000,269250
1/9/2016,502904,177,284000,273250
1/16/2016,378747,131,290000,280750
1/23/2016,295936,110,269000,279000
1/30/2016,311940,111,281000,281000
2/6/2016,290796,110,265000,276250
2/13/2016,258380,98,263000,269500
2/20/2016,248870,92,272000,270250
2/27/2016,265802,99,269000,267250
3/5/2016,247628,97,257000,265250
3/12/2016,236888,90,263000,265250
3/19/2016,230882,87,264000,263250
3/26/2016,235716,86,273000,264250
4/2/2016,245035,90,272000,268000
4/9/2016,270419,103,263000,268000
4/16/2016,242400,95,255000,265750
4/23/2016,245040,95,259000,262250
4/30/2016,243392,88,277000,263500
5/7/2016,261899,90,290000,270250
5/14/2016,244869,88,279000,276250
5/21/2016,240798,90,268000,278500
5/28/2016,246740,93,264000,275250
6/4/2016,232300,88,265000,269000
6/11/2016,266277,98,273000,267500
6/18/2016,247968,95,261000,265750
6/25/2016,263662,101,262000,265250
7/2/2016,267437,105,256000,263000
7/9/2016,298673,116,257000,259000
7/16/2016,268526,103,260000,258750
7/23/2016,231925,88,264000,259250
7/30/2016,219202,82,266000,261750
8/6/2016,231542,87,266000,264000
8/13/2016,219570,83,265000,265250
8/20/2016,217011,82,265000,265500
8/27/2016,215688,82,262000,264500
9/3/2016,217715,85,257000,262250
9/10/2016,193291,76,253000,259250
9/17/2016,205649,82,252000,256000
9/24/2016,198455,80,247000,252250
10/1/2016,200456,82,246000,249500
10/8/2016,238581,95,251000,249000
10/15/2016,233633,89,264000,252000
10/22/2016,237314,92,257000,254500
10/29/2016,245751,93,265000,259250
11/5/2016,258608,103,251000,259250
11/12/2016,223770,96,232000,251250
11/19/2016,287794,116,248000,249000
11/26/2016,249774,96,260000,247750
12/3/2016,351580,139,252000,248000
12/10/2016,305268,121,251000,252750
12/17/2016,315068,120,262000,256250
12/24/2016,343213,135,254000,254750
12/31/2016,350561,149,236000,250750
1/7/2017,414742,170,244000,249000
1/14/2017,352799,144,246000,245000
1/21/2017,284030,111,256000,245500
1/28/2017,280983,117,241000,246750
2/4/2017,259713,110,236000,244750
2/11/2017,245886,101,242000,243750
2/18/2017,239322,97,247000,241500
2/25/2017,212829,92,232000,239250
3/4/2017,243959,99,246000,241750
3/11/2017,222227,91,244000,242250
3/18/2017,224693,88,255000,244250
3/25/2017,228269,89,256000,250250
4/1/2017,208347,88,236000,247750
4/8/2017,239823,101,237000,246000
4/15/2017,225864,93,244000,243250
4/22/2017,241611,96,251000,242000
4/29/2017,210955,88,241000,243250
5/6/2017,215040,91,237000,243250
5/13/2017,206905,87,237000,241500
5/20/2017,210544,90,234000,237250
5/27/2017,232138,92,251000,239750
6/3/2017,212696,87,244000,241500
6/10/2017,234652,99,238000,241750
6/17/2017,228883,94,243000,244000
6/24/2017,239635,101,237000,240500
7/1/2017,252886,102,248000,241500
7/8/2017,284329,115,248000,244000
7/15/2017,257763,107,241000,243500
7/22/2017,220455,90,245000,245500
7/29/2017,198776,82,242000,244000
8/5/2017,211924,86,246000,243500
8/12/2017,198280,84,236000,242250
8/19/2017,195130,81,241000,241250
8/26/2017,196227,82,239000,240500
9/2/2017,250627,84,299000,253750
9/9/2017,211923,77,275000,263500
9/16/2017,212313,82,260000,268250
9/23/2017,212987,81,262000,274000
9/30/2017,204180,80,255000,263000
10/7/2017,229241,93,246000,255750
10/14/2017,205592,89,232000,248750
10/21/2017,216004,92,236000,242250
10/28/2017,215977,92,235000,237250
11/4/2017,242111,101,240000,235750
11/11/2017,236654,96,246000,239250
11/18/2017,275004,116,238000,239750
11/25/2017,224851,95,237000,240250
12/2/2017,326052,139,235000,239000
12/9/2017,282055,125,226000,234000
12/16/2017,287479,119,242000,235000
12/23/2017,325180,134,242000,236250
12/30/2017,351500,144,243000,238250
1/6/2018,403930,161,251000,244500
1/13/2018,354708,155,229000,241250
1/20/2018,260432,110,237000,240000
1/27/2018,268197,121,221000,234500
2/3/2018,243422,110,221000,227000
2/10/2018,233252,104,224000,225750
2/17/2018,212609,97,220000,221500
2/24/2018,196294,91,215000,220000
3/3/2018,225893,100,226000,221250
3/10/2018,205185,92,223000,221000
3/17/2018,198649,89,224000,222000
3/24/2018,195433,89,220000,223250
3/31/2018,201057,85,237000,226000
4/7/2018,231759,99,234000,228750
4/14/2018,226090,96,235000,231500
4/21/2018,200139,97,207000,228250
4/28/2018,186451,88,212000,222000
5/5/2018,190262,91,210000,216000
5/12/2018,195214,87,224000,213250
5/19/2018,207043,90,230000,219000
5/26/2018,202846,92,221000,221250
6/2/2018,191523,87,221000,224000
6/9/2018,217289,100,218000,222500
6/16/2018,206023,94,220000,220000
6/23/2018,222766,101,220000,219750
6/30/2018,231539,101,228000,221500
7/7/2018,264869,123,215000,220750
7/14/2018,232238,110,212000,218750
7/21/2018,201288,91,220000,218750
7/28/2018,179880,82,218000,216250
8/4/2018,185174,85,218000,217000
8/11/2018,180038,85,213000,217250
8/18/2018,173331,80,216000,216250
8/25/2018,175745,82,214000,215250
9/1/2018,173607,83,210000,213250
9/8/2018,162640,77,211000,212750
9/15/2018,173624,82,213000,212000
9/22/2018,172930,82,212000,211500
9/29/2018,171816,79,217000,213250
10/6/2018,193936,91,213000,213750
10/13/2018,190501,89,213000,213750
10/20/2018,198733,91,219000,215500
10/27/2018,198530,92,217000,215500
11/3/2018,214814,99,217000,216500
11/10/2018,235981,108,218000,217750
11/17/2018,226576,102,222000,218500
11/24/2018,218658,94,232000,222250
12/1/2018,317936,137,232000,226000
12/8/2018,261525,129,203000,222250
12/15/2018,255195,118,216000,220750
12/22/2018,291581,133,219000,217500
12/29/2018,327388,144,228000,216500
1/5/2019,350681,160,220000,220750
1/12/2019,343678,159,216000,220750
1/19/2019,269369,129,209000,218250
1/26/2019,250580,106,236000,220250
2/2/2019,254263,111,230000,222750
2/9/2019,242762,106,228000,225750
2/16/2019,210679,97,218000,228000
2/23/2019,203049,91,224000,225000
3/2/2019,220540,100,220000,222500
3/9/2019,209302,93,224000,221500
3/16/2019,194335,89,219000,221750
3/23/2019,190023,89,215000,219500
3/30/2019,183775,87,211000,217250
4/6/2019,196071,97,203000,212000
4/13/2019,196364,97,203000,208000
4/20/2019,211762,94,226000,210750
4/27/2019,204755,89,230000,215500
5/4/2019,204033,91,225000,221000
5/11/2019,188264,87,217000,224500
5/18/2019,191931,90,213000,221250
5/25/2019,198194,91,218000,218250
6/1/2019,189577,86,220000,217000
6/8/2019,220186,100,220000,217750
6/15/2019,205921,94,219000,219250
6/22/2019,225819,101,224000,220750
6/29/2019,224565,101,222000,221250
7/6/2019,231995,110,211000,219000
7/13/2019,243621,112,217000,218500
7/20/2019,196382,93,211000,215250
7/27/2019,178897,83,216000,213750
8/3/2019,179879,84,214000,214500
8/10/2019,186914,86,218000,214750
8/17/2019,171386,80,215000,215750
8/24/2019,176867,82,215000,215500
8/31/2019,179516,82,219000,216750
9/7/2019,160342,77,208000,214250
9/14/2019,173134,82,211000,213250
9/21/2019,175394,82,215000,213250
9/28/2019,172968,79,218000,213000
10/5/2019,188106,89,212000,214000
10/12/2019,201677,93,218000,215750
10/19/2019,186748,88,213000,215250
10/26/2019,198733,92,217000,215000
11/2/2019,205625,97,212000,215000
11/9/2019,238996,108,222000,216000
11/16/2019,227892,102,223000,218500
11/23/2019,252428,119,211000,217000
11/30/2019,216827,105,206000,215500
12/7/2019,317866,134,237000,219250
12/14/2019,270547,118,229000,220750
12/21/2019,287243,132,218000,222500
12/28/2019,312524,142,220000,226000
1/4/2020,335480,158,212000,219750
1/11/2020,338550,164,207000,214250
1/18/2020,282088,129,220000,214750
1/25/2020,229002,108,212000,212750
2/1/2020,224664,112,201000,210000
2/8/2020,219601,108,204000,209250
2/15/2020,209336,97,215000,208000
2/22/2020,199278,91,220000,210000
2/29/2020,216982,100,217000,214000
3/7/2020,200382,95,211000,215750
3/14/2020,251416,89,282000,232500
3/21/2020,2920162,88,3307000,1004250
3/28/2020,6015821,88,6867000,2666750
4/4/2020,6211406,94,6615000,4267750
4/11/2020,4965046,95,5237000,5506500
4/18/2020,4281648,96,4442000,5790250
4/25/2020,3515439,91,3867000,5040250
5/2/2020,2855561,90,3176000,4180500
5/9/2020,2356626,88,2687000,3543000
5/16/2020,2181640,89,2446000,3044000
5/23/2020,1915138,90,2123000,2608000
5/30/2020,1620008,85,1897000,2288250
6/6/2020,,100,,
6/13/2020,,95,,
6/20/2020,,99,,
6/27/2020,,101,,
7/4/2020,,107,,
7/11/2020,,116,,
7/18/2020,,97,,
7/25/2020,,84,,
8/1/2020,,83,,
8/8/2020,,86,,
8/15/2020,,81,,
8/22/2020,,82,,
8/29/2020,,82,,
9/5/2020,,85,,
9/12/2020,,74,,
9/19/2020,,81,,
9/26/2020,,80,,
10/3/2020,,85,,
10/10/2020,,94,,
10/17/2020,,87,,
10/24/2020,,92,,
10/31/2020,,94,,
11/7/2020,,105,,
11/14/2020,,101,,
11/21/2020,,118,,
11/28/2020,,101,,
12/5/2020,,139,,
12/12/2020,,119,,
12/19/2020,,127,,
12/26/2020,,128,,
1/2/2021,,154,,
1/9/2021,,172,,
1/16/2021,,131,,
1/23/2021,,110,,
1/30/2021,,115,,
2/6/2021,,110,,
2/13/2021,,100,,
2/20/2021,,91,,
2/27/2021,,99,,
3/6/2021,,98,,
3/13/2021,,90,,
3/20/2021,,88,,
3/27/2021,,88,,
4/3/2021,,88,,
